year,tournament_id,match_id,match_date,stage,group_name,knockout_stage,home_team_code,home_team_name,away_team_code,away_team_name,home_team_score,away_team_score,extra_time,penalty_shootout,home_team_score_penalties,away_team_score_penalties,result_1x2
1930,WC-1930,M-1930-01,1930-07-13,group stage,Group 1,0,FRA,France,MEX,Mexico,4,1,0,0,0,0,H
1930,WC-1930,M-1930-02,1930-07-13,group stage,Group 4,0,USA,United States,BEL,Belgium,3,0,0,0,0,0,H
1930,WC-1930,M-1930-03,1930-07-14,group stage,Group 2,0,YUG,Yugoslavia,BRA,Brazil,2,1,0,0,0,0,H
1930,WC-1930,M-1930-04,1930-07-14,group stage,Group 3,0,ROU,Romania,PER,Peru,3,1,0,0,0,0,H
1930,WC-1930,M-1930-05,1930-07-15,group stage,Group 1,0,ARG,Argentina,FRA,France,1,0,0,0,0,0,H
1930,WC-1930,M-1930-06,1930-07-16,group stage,Group 1,0,CHL,Chile,MEX,Mexico,3,0,0,0,0,0,H
1930,WC-1930,M-1930-07,1930-07-17,group stage,Group 2,0,YUG,Yugoslavia,BOL,Bolivia,4,0,0,0,0,0,H
1930,WC-1930,M-1930-08,1930-07-17,group stage,Group 4,0,USA,United States,PRY,Paraguay,3,0,0,0,0,0,H
1930,WC-1930,M-1930-09,1930-07-18,group stage,Group 3,0,URY,Uruguay,PER,Peru,1,0,0,0,0,0,H
1930,WC-1930,M-1930-10,1930-07-19,group stage,Group 1,0,CHL,Chile,FRA,France,1,0,0,0,0,0,H
1930,WC-1930,M-1930-11,1930-07-19,group stage,Group 1,0,ARG,Argentina,MEX,Mexico,6,3,0,0,0,0,H
1930,WC-1930,M-1930-12,1930-07-20,group stage,Group 2,0,BRA,Brazil,BOL,Bolivia,4,0,0,0,0,0,H
1930,WC-1930,M-1930-13,1930-07-20,group stage,Group 4,0,PRY,Paraguay,BEL,Belgium,1,0,0,0,0,0,H
1930,WC-1930,M-1930-14,1930-07-21,group stage,Group 3,0,URY,Uruguay,ROU,Romania,4,0,0,0,0,0,H
1930,WC-1930,M-1930-15,1930-07-22,group stage,Group 1,0,ARG,Argentina,CHL,Chile,3,1,0,0,0,0,H
1930,WC-1930,M-1930-16,1930-07-26,semi-finals,not applicable,1,ARG,Argentina,USA,United States,6,1,0,0,0,0,H
1930,WC-1930,M-1930-17,1930-07-27,semi-finals,not applicable,1,URY,Uruguay,YUG,Yugoslavia,6,1,0,0,0,0,H
1930,WC-1930,M-1930-18,1930-07-30,final,not applicable,1,URY,Uruguay,ARG,Argentina,4,2,0,0,0,0,H
1934,WC-1934,M-1934-01,1934-05-27,round of 16,not applicable,1,AUT,Austria,FRA,France,3,2,1,0,0,0,H
1934,WC-1934,M-1934-02,1934-05-27,round of 16,not applicable,1,CSK,Czechoslovakia,ROU,Romania,2,1,0,0,0,0,H
1934,WC-1934,M-1934-03,1934-05-27,round of 16,not applicable,1,DEU,Germany,BEL,Belgium,5,2,0,0,0,0,H
1934,WC-1934,M-1934-04,1934-05-27,round of 16,not applicable,1,HUN,Hungary,EGY,Egypt,4,2,0,0,0,0,H
1934,WC-1934,M-1934-05,1934-05-27,round of 16,not applicable,1,ITA,Italy,USA,United States,7,1,0,0,0,0,H
1934,WC-1934,M-1934-06,1934-05-27,round of 16,not applicable,1,ESP,Spain,BRA,Brazil,3,1,0,0,0,0,H
1934,WC-1934,M-1934-07,1934-05-27,round of 16,not applicable,1,SWE,Sweden,ARG,Argentina,3,2,0,0,0,0,H
1934,WC-1934,M-1934-08,1934-05-27,round of 16,not applicable,1,CHE,Switzerland,NLD,Netherlands,3,2,0,0,0,0,H
1934,WC-1934,M-1934-09,1934-05-31,quarter-finals,not applicable,1,AUT,Austria,HUN,Hungary,2,1,0,0,0,0,H
1934,WC-1934,M-1934-10,1934-05-31,quarter-finals,not applicable,1,CSK,Czechoslovakia,CHE,Switzerland,3,2,0,0,0,0,H
1934,WC-1934,M-1934-11,1934-05-31,quarter-finals,not applicable,1,DEU,Germany,SWE,Sweden,2,1,0,0,0,0,H
1934,WC-1934,M-1934-12,1934-05-31,quarter-finals,not applicable,1,ITA,Italy,ESP,Spain,1,1,1,0,0,0,D
1934,WC-1934,M-1934-13,1934-06-01,quarter-finals,not applicable,1,ITA,Italy,ESP,Spain,1,0,0,0,0,0,H
1934,WC-1934,M-1934-14,1934-06-03,semi-finals,not applicable,1,CSK,Czechoslovakia,DEU,Germany,3,1,0,0,0,0,H
1934,WC-1934,M-1934-15,1934-06-03,semi-finals,not applicable,1,ITA,Italy,AUT,Austria,1,0,0,0,0,0,H
1934,WC-1934,M-1934-16,1934-06-07,third-place match,not applicable,1,DEU,Germany,AUT,Austria,3,2,0,0,0,0,H
1934,WC-1934,M-1934-17,1934-06-10,final,not applicable,1,ITA,Italy,CSK,Czechoslovakia,2,1,1,0,0,0,H
1938,WC-1938,M-1938-01,1938-06-04,round of 16,not applicable,1,CHE,Switzerland,DEU,Germany,1,1,1,0,0,0,D
1938,WC-1938,M-1938-02,1938-06-05,round of 16,not applicable,1,CUB,Cuba,ROU,Romania,3,3,1,0,0,0,D
1938,WC-1938,M-1938-03,1938-06-05,round of 16,not applicable,1,FRA,France,BEL,Belgium,3,1,0,0,0,0,H
1938,WC-1938,M-1938-04,1938-06-05,round of 16,not applicable,1,HUN,Hungary,IDN,Dutch East Indies,6,0,0,0,0,0,H
1938,WC-1938,M-1938-05,1938-06-05,round of 16,not applicable,1,ITA,Italy,NOR,Norway,2,1,1,0,0,0,H
1938,WC-1938,M-1938-06,1938-06-05,round of 16,not applicable,1,BRA,Brazil,POL,Poland,6,5,1,0,0,0,H
1938,WC-1938,M-1938-07,1938-06-05,round of 16,not applicable,1,CSK,Czechoslovakia,NLD,Netherlands,3,0,1,0,0,0,H
1938,WC-1938,M-1938-08,1938-06-09,round of 16,not applicable,1,CUB,Cuba,ROU,Romania,2,1,0,0,0,0,H
1938,WC-1938,M-1938-09,1938-06-09,round of 16,not applicable,1,CHE,Switzerland,DEU,Germany,4,2,0,0,0,0,H
1938,WC-1938,M-1938-10,1938-06-12,quarter-finals,not applicable,1,BRA,Brazil,CSK,Czechoslovakia,1,1,1,0,0,0,D
1938,WC-1938,M-1938-11,1938-06-12,quarter-finals,not applicable,1,HUN,Hungary,CHE,Switzerland,2,0,0,0,0,0,H
1938,WC-1938,M-1938-12,1938-06-12,quarter-finals,not applicable,1,ITA,Italy,FRA,France,3,1,0,0,0,0,H
1938,WC-1938,M-1938-13,1938-06-12,quarter-finals,not applicable,1,SWE,Sweden,CUB,Cuba,8,0,0,0,0,0,H
1938,WC-1938,M-1938-14,1938-06-14,quarter-finals,not applicable,1,BRA,Brazil,CSK,Czechoslovakia,2,1,0,0,0,0,H
1938,WC-1938,M-1938-15,1938-06-16,semi-finals,not applicable,1,HUN,Hungary,SWE,Sweden,5,1,0,0,0,0,H
1938,WC-1938,M-1938-16,1938-06-16,semi-finals,not applicable,1,ITA,Italy,BRA,Brazil,2,1,0,0,0,0,H
1938,WC-1938,M-1938-17,1938-06-19,third-place match,not applicable,1,BRA,Brazil,SWE,Sweden,4,2,0,0,0,0,H
1938,WC-1938,M-1938-18,1938-06-19,final,not applicable,1,ITA,Italy,HUN,Hungary,4,2,0,0,0,0,H
1950,WC-1950,M-1950-01,1950-06-24,group stage,Group 1,0,BRA,Brazil,MEX,Mexico,4,0,0,0,0,0,H
1950,WC-1950,M-1950-02,1950-06-25,group stage,Group 1,0,YUG,Yugoslavia,CHE,Switzerland,3,0,0,0,0,0,H
1950,WC-1950,M-1950-03,1950-06-25,group stage,Group 2,0,ENG,England,CHL,Chile,2,0,0,0,0,0,H
1950,WC-1950,M-1950-04,1950-06-25,group stage,Group 2,0,ESP,Spain,USA,United States,3,1,0,0,0,0,H
1950,WC-1950,M-1950-05,1950-06-25,group stage,Group 3,0,SWE,Sweden,ITA,Italy,3,2,0,0,0,0,H
1950,WC-1950,M-1950-06,1950-06-28,group stage,Group 1,0,BRA,Brazil,CHE,Switzerland,2,2,0,0,0,0,D
1950,WC-1950,M-1950-07,1950-06-28,group stage,Group 1,0,YUG,Yugoslavia,MEX,Mexico,4,1,0,0,0,0,H
1950,WC-1950,M-1950-08,1950-06-29,group stage,Group 2,0,ESP,Spain,CHL,Chile,2,0,0,0,0,0,H
1950,WC-1950,M-1950-09,1950-06-29,group stage,Group 2,0,USA,United States,ENG,England,1,0,0,0,0,0,H
1950,WC-1950,M-1950-10,1950-06-29,group stage,Group 3,0,SWE,Sweden,PRY,Paraguay,2,2,0,0,0,0,D
1950,WC-1950,M-1950-11,1950-07-01,group stage,Group 1,0,BRA,Brazil,YUG,Yugoslavia,2,0,0,0,0,0,H
1950,WC-1950,M-1950-12,1950-07-02,group stage,Group 2,0,CHL,Chile,USA,United States,5,2,0,0,0,0,H
1950,WC-1950,M-1950-13,1950-07-02,group stage,Group 2,0,ESP,Spain,ENG,England,1,0,0,0,0,0,H
1950,WC-1950,M-1950-14,1950-07-02,group stage,Group 3,0,ITA,Italy,PRY,Paraguay,2,0,0,0,0,0,H
1950,WC-1950,M-1950-15,1950-07-02,group stage,Group 4,0,URY,Uruguay,BOL,Bolivia,8,0,0,0,0,0,H
1950,WC-1950,M-1950-16,1950-07-02,group stage,Group 1,0,CHE,Switzerland,MEX,Mexico,2,1,0,0,0,0,H
1950,WC-1950,M-1950-17,1950-07-09,final round,not applicable,0,BRA,Brazil,SWE,Sweden,7,1,0,0,0,0,H
1950,WC-1950,M-1950-18,1950-07-09,final round,not applicable,0,URY,Uruguay,ESP,Spain,2,2,0,0,0,0,D
1950,WC-1950,M-1950-19,1950-07-13,final round,not applicable,0,BRA,Brazil,ESP,Spain,6,1,0,0,0,0,H
1950,WC-1950,M-1950-20,1950-07-13,final round,not applicable,0,URY,Uruguay,SWE,Sweden,3,2,0,0,0,0,H
1950,WC-1950,M-1950-21,1950-07-16,final round,not applicable,0,SWE,Sweden,ESP,Spain,3,1,0,0,0,0,H
1950,WC-1950,M-1950-22,1950-07-16,final round,not applicable,0,URY,Uruguay,BRA,Brazil,2,1,0,0,0,0,H
1954,WC-1954,M-1954-01,1954-06-16,group stage,Group 1,0,BRA,Brazil,MEX,Mexico,5,0,0,0,0,0,H
1954,WC-1954,M-1954-02,1954-06-16,group stage,Group 1,0,YUG,Yugoslavia,FRA,France,1,0,0,0,0,0,H
1954,WC-1954,M-1954-03,1954-06-16,group stage,Group 3,0,AUT,Austria,SCO,Scotland,1,0,0,0,0,0,H
1954,WC-1954,M-1954-04,1954-06-16,group stage,Group 3,0,URY,Uruguay,CSK,Czechoslovakia,2,0,0,0,0,0,H
1954,WC-1954,M-1954-05,1954-06-17,group stage,Group 4,0,CHE,Switzerland,ITA,Italy,2,1,0,0,0,0,H
1954,WC-1954,M-1954-06,1954-06-17,group stage,Group 2,0,HUN,Hungary,KOR,South Korea,9,0,0,0,0,0,H
1954,WC-1954,M-1954-07,1954-06-17,group stage,Group 2,0,DEU,West Germany,TUR,Turkey,4,1,0,0,0,0,H
1954,WC-1954,M-1954-08,1954-06-17,group stage,Group 4,0,ENG,England,BEL,Belgium,4,4,1,0,0,0,D
1954,WC-1954,M-1954-09,1954-06-19,group stage,Group 3,0,URY,Uruguay,SCO,Scotland,7,0,0,0,0,0,H
1954,WC-1954,M-1954-10,1954-06-19,group stage,Group 1,0,BRA,Brazil,YUG,Yugoslavia,1,1,1,0,0,0,D
1954,WC-1954,M-1954-11,1954-06-19,group stage,Group 3,0,AUT,Austria,CSK,Czechoslovakia,5,0,0,0,0,0,H
1954,WC-1954,M-1954-12,1954-06-19,group stage,Group 1,0,FRA,France,MEX,Mexico,3,2,0,0,0,0,H
1954,WC-1954,M-1954-13,1954-06-20,group stage,Group 2,0,HUN,Hungary,DEU,West Germany,8,3,0,0,0,0,H
1954,WC-1954,M-1954-14,1954-06-20,group stage,Group 2,0,TUR,Turkey,KOR,South Korea,7,0,0,0,0,0,H
1954,WC-1954,M-1954-15,1954-06-20,group stage,Group 4,0,ITA,Italy,BEL,Belgium,4,1,0,0,0,0,H
1954,WC-1954,M-1954-16,1954-06-20,group stage,Group 4,0,ENG,England,CHE,Switzerland,2,0,0,0,0,0,H
1954,WC-1954,M-1954-17,1954-06-23,group stage,Group 2,0,DEU,West Germany,TUR,Turkey,7,2,0,0,0,0,H
1954,WC-1954,M-1954-18,1954-06-23,group stage,Group 4,0,CHE,Switzerland,ITA,Italy,4,1,0,0,0,0,H
1954,WC-1954,M-1954-19,1954-06-26,quarter-finals,not applicable,1,AUT,Austria,CHE,Switzerland,7,5,0,0,0,0,H
1954,WC-1954,M-1954-20,1954-06-26,quarter-finals,not applicable,1,URY,Uruguay,ENG,England,4,2,0,0,0,0,H
1954,WC-1954,M-1954-21,1954-06-27,quarter-finals,not applicable,1,HUN,Hungary,BRA,Brazil,4,2,0,0,0,0,H
1954,WC-1954,M-1954-22,1954-06-27,quarter-finals,not applicable,1,DEU,West Germany,YUG,Yugoslavia,2,0,0,0,0,0,H
1954,WC-1954,M-1954-23,1954-06-30,semi-finals,not applicable,1,HUN,Hungary,URY,Uruguay,4,2,1,0,0,0,H
1954,WC-1954,M-1954-24,1954-06-30,semi-finals,not applicable,1,DEU,West Germany,AUT,Austria,6,1,0,0,0,0,H
1954,WC-1954,M-1954-25,1954-07-03,third-place match,not applicable,1,AUT,Austria,URY,Uruguay,3,1,0,0,0,0,H
1954,WC-1954,M-1954-26,1954-07-04,final,not applicable,1,DEU,West Germany,HUN,Hungary,3,2,0,0,0,0,H
1958,WC-1958,M-1958-01,1958-06-08,group stage,Group 3,0,SWE,Sweden,MEX,Mexico,3,0,0,0,0,0,H
1958,WC-1958,M-1958-02,1958-06-08,group stage,Group 1,0,ARG,Argentina,DEU,West Germany,1,3,0,0,0,0,A
1958,WC-1958,M-1958-03,1958-06-08,group stage,Group 1,0,NIR,Northern Ireland,CSK,Czechoslovakia,1,0,0,0,0,0,H
1958,WC-1958,M-1958-04,1958-06-08,group stage,Group 2,0,FRA,France,PRY,Paraguay,7,3,0,0,0,0,H
1958,WC-1958,M-1958-05,1958-06-08,group stage,Group 2,0,YUG,Yugoslavia,SCO,Scotland,1,1,0,0,0,0,D
1958,WC-1958,M-1958-06,1958-06-08,group stage,Group 3,0,HUN,Hungary,WAL,Wales,1,1,0,0,0,0,D
1958,WC-1958,M-1958-07,1958-06-08,group stage,Group 4,0,BRA,Brazil,AUT,Austria,3,0,0,0,0,0,H
1958,WC-1958,M-1958-08,1958-06-08,group stage,Group 4,0,SUN,Soviet Union,ENG,England,2,2,0,0,0,0,D
1958,WC-1958,M-1958-09,1958-06-11,group stage,Group 1,0,ARG,Argentina,NIR,Northern Ireland,3,1,0,0,0,0,H
1958,WC-1958,M-1958-10,1958-06-11,group stage,Group 1,0,DEU,West Germany,CSK,Czechoslovakia,2,2,0,0,0,0,D
1958,WC-1958,M-1958-11,1958-06-11,group stage,Group 2,0,PRY,Paraguay,SCO,Scotland,3,2,0,0,0,0,H
1958,WC-1958,M-1958-12,1958-06-11,group stage,Group 2,0,YUG,Yugoslavia,FRA,France,3,2,0,0,0,0,H
1958,WC-1958,M-1958-13,1958-06-11,group stage,Group 3,0,MEX,Mexico,WAL,Wales,1,1,0,0,0,0,D
1958,WC-1958,M-1958-14,1958-06-11,group stage,Group 4,0,BRA,Brazil,ENG,England,0,0,0,0,0,0,D
1958,WC-1958,M-1958-15,1958-06-11,group stage,Group 4,0,SUN,Soviet Union,AUT,Austria,2,0,0,0,0,0,H
1958,WC-1958,M-1958-16,1958-06-12,group stage,Group 3,0,SWE,Sweden,HUN,Hungary,2,1,0,0,0,0,H
1958,WC-1958,M-1958-17,1958-06-15,group stage,Group 3,0,SWE,Sweden,WAL,Wales,0,0,0,0,0,0,D
1958,WC-1958,M-1958-18,1958-06-15,group stage,Group 1,0,CSK,Czechoslovakia,ARG,Argentina,6,1,0,0,0,0,H
1958,WC-1958,M-1958-19,1958-06-15,group stage,Group 1,0,DEU,West Germany,NIR,Northern Ireland,2,2,0,0,0,0,D
1958,WC-1958,M-1958-20,1958-06-15,group stage,Group 2,0,FRA,France,SCO,Scotland,2,1,0,0,0,0,H
1958,WC-1958,M-1958-21,1958-06-15,group stage,Group 2,0,PRY,Paraguay,YUG,Yugoslavia,3,3,0,0,0,0,D
1958,WC-1958,M-1958-22,1958-06-15,group stage,Group 3,0,HUN,Hungary,MEX,Mexico,4,0,0,0,0,0,H
1958,WC-1958,M-1958-23,1958-06-15,group stage,Group 4,0,BRA,Brazil,SUN,Soviet Union,2,0,0,0,0,0,H
1958,WC-1958,M-1958-24,1958-06-15,group stage,Group 4,0,ENG,England,AUT,Austria,2,2,0,0,0,0,D
1958,WC-1958,M-1958-25,1958-06-17,group stage,Group 1,0,NIR,Northern Ireland,CSK,Czechoslovakia,2,1,1,0,0,0,H
1958,WC-1958,M-1958-26,1958-06-17,group stage,Group 3,0,WAL,Wales,HUN,Hungary,2,1,0,0,0,0,H
1958,WC-1958,M-1958-27,1958-06-17,group stage,Group 4,0,SUN,Soviet Union,ENG,England,1,0,0,0,0,0,H
1958,WC-1958,M-1958-28,1958-06-19,quarter-finals,not applicable,1,BRA,Brazil,WAL,Wales,1,0,0,0,0,0,H
1958,WC-1958,M-1958-29,1958-06-19,quarter-finals,not applicable,1,FRA,France,NIR,Northern Ireland,4,0,0,0,0,0,H
1958,WC-1958,M-1958-30,1958-06-19,quarter-finals,not applicable,1,SWE,Sweden,SUN,Soviet Union,2,0,0,0,0,0,H
1958,WC-1958,M-1958-31,1958-06-19,quarter-finals,not applicable,1,DEU,West Germany,YUG,Yugoslavia,1,0,0,0,0,0,H
1958,WC-1958,M-1958-32,1958-06-24,semi-finals,not applicable,1,BRA,Brazil,FRA,France,5,2,0,0,0,0,H
1958,WC-1958,M-1958-33,1958-06-24,semi-finals,not applicable,1,SWE,Sweden,DEU,West Germany,3,1,0,0,0,0,H
1958,WC-1958,M-1958-34,1958-06-28,third-place match,not applicable,1,FRA,France,DEU,West Germany,6,3,0,0,0,0,H
1958,WC-1958,M-1958-35,1958-06-29,final,not applicable,1,BRA,Brazil,SWE,Sweden,5,2,0,0,0,0,H
1962,WC-1962,M-1962-01,1962-05-30,group stage,Group 1,0,URY,Uruguay,COL,Colombia,2,1,0,0,0,0,H
1962,WC-1962,M-1962-02,1962-05-30,group stage,Group 2,0,CHL,Chile,CHE,Switzerland,3,1,0,0,0,0,H
1962,WC-1962,M-1962-03,1962-05-30,group stage,Group 3,0,BRA,Brazil,MEX,Mexico,2,0,0,0,0,0,H
1962,WC-1962,M-1962-04,1962-05-30,group stage,Group 4,0,ARG,Argentina,BGR,Bulgaria,1,0,0,0,0,0,H
1962,WC-1962,M-1962-05,1962-05-31,group stage,Group 1,0,SUN,Soviet Union,YUG,Yugoslavia,2,0,0,0,0,0,H
1962,WC-1962,M-1962-06,1962-05-31,group stage,Group 2,0,DEU,West Germany,ITA,Italy,0,0,0,0,0,0,D
1962,WC-1962,M-1962-07,1962-05-31,group stage,Group 3,0,CSK,Czechoslovakia,ESP,Spain,1,0,0,0,0,0,H
1962,WC-1962,M-1962-08,1962-05-31,group stage,Group 4,0,HUN,Hungary,ENG,England,2,1,0,0,0,0,H
1962,WC-1962,M-1962-09,1962-06-02,group stage,Group 1,0,YUG,Yugoslavia,URY,Uruguay,3,1,0,0,0,0,H
1962,WC-1962,M-1962-10,1962-06-02,group stage,Group 2,0,CHL,Chile,ITA,Italy,2,0,0,0,0,0,H
1962,WC-1962,M-1962-11,1962-06-02,group stage,Group 3,0,BRA,Brazil,CSK,Czechoslovakia,0,0,0,0,0,0,D
1962,WC-1962,M-1962-12,1962-06-02,group stage,Group 4,0,ENG,England,ARG,Argentina,3,1,0,0,0,0,H
1962,WC-1962,M-1962-13,1962-06-03,group stage,Group 1,0,SUN,Soviet Union,COL,Colombia,4,4,0,0,0,0,D
1962,WC-1962,M-1962-14,1962-06-03,group stage,Group 2,0,DEU,West Germany,CHE,Switzerland,2,1,0,0,0,0,H
1962,WC-1962,M-1962-15,1962-06-03,group stage,Group 3,0,ESP,Spain,MEX,Mexico,1,0,0,0,0,0,H
1962,WC-1962,M-1962-16,1962-06-03,group stage,Group 4,0,HUN,Hungary,BGR,Bulgaria,6,1,0,0,0,0,H
1962,WC-1962,M-1962-17,1962-06-06,group stage,Group 1,0,SUN,Soviet Union,URY,Uruguay,2,1,0,0,0,0,H
1962,WC-1962,M-1962-18,1962-06-06,group stage,Group 2,0,DEU,West Germany,CHL,Chile,2,0,0,0,0,0,H
1962,WC-1962,M-1962-19,1962-06-06,group stage,Group 3,0,BRA,Brazil,ESP,Spain,2,1,0,0,0,0,H
1962,WC-1962,M-1962-20,1962-06-06,group stage,Group 4,0,HUN,Hungary,ARG,Argentina,0,0,0,0,0,0,D
1962,WC-1962,M-1962-21,1962-06-07,group stage,Group 1,0,YUG,Yugoslavia,COL,Colombia,5,0,0,0,0,0,H
1962,WC-1962,M-1962-22,1962-06-07,group stage,Group 2,0,ITA,Italy,CHE,Switzerland,3,0,0,0,0,0,H
1962,WC-1962,M-1962-23,1962-06-07,group stage,Group 3,0,MEX,Mexico,CSK,Czechoslovakia,3,1,0,0,0,0,H
1962,WC-1962,M-1962-24,1962-06-07,group stage,Group 4,0,ENG,England,BGR,Bulgaria,0,0,0,0,0,0,D
1962,WC-1962,M-1962-25,1962-06-10,quarter-finals,not applicable,1,BRA,Brazil,ENG,England,3,1,0,0,0,0,H
1962,WC-1962,M-1962-26,1962-06-10,quarter-finals,not applicable,1,CHL,Chile,SUN,Soviet Union,2,1,0,0,0,0,H
1962,WC-1962,M-1962-27,1962-06-10,quarter-finals,not applicable,1,CSK,Czechoslovakia,HUN,Hungary,1,0,0,0,0,0,H
1962,WC-1962,M-1962-28,1962-06-10,quarter-finals,not applicable,1,YUG,Yugoslavia,DEU,West Germany,1,0,0,0,0,0,H
1962,WC-1962,M-1962-29,1962-06-13,semi-finals,not applicable,1,BRA,Brazil,CHL,Chile,4,2,0,0,0,0,H
1962,WC-1962,M-1962-30,1962-06-13,semi-finals,not applicable,1,CSK,Czechoslovakia,YUG,Yugoslavia,3,1,0,0,0,0,H
1962,WC-1962,M-1962-31,1962-06-16,third-place match,not applicable,1,CHL,Chile,YUG,Yugoslavia,1,0,0,0,0,0,H
1962,WC-1962,M-1962-32,1962-06-17,final,not applicable,1,BRA,Brazil,CSK,Czechoslovakia,3,1,0,0,0,0,H
1966,WC-1966,M-1966-01,1966-07-11,group stage,Group 1,0,ENG,England,URY,Uruguay,0,0,0,0,0,0,D
1966,WC-1966,M-1966-02,1966-07-12,group stage,Group 2,0,DEU,West Germany,CHE,Switzerland,5,0,0,0,0,0,H
1966,WC-1966,M-1966-03,1966-07-12,group stage,Group 3,0,BRA,Brazil,BGR,Bulgaria,2,0,0,0,0,0,H
1966,WC-1966,M-1966-04,1966-07-12,group stage,Group 4,0,SUN,Soviet Union,PRK,North Korea,3,0,0,0,0,0,H
1966,WC-1966,M-1966-05,1966-07-13,group stage,Group 1,0,FRA,France,MEX,Mexico,1,1,0,0,0,0,D
1966,WC-1966,M-1966-06,1966-07-13,group stage,Group 2,0,ARG,Argentina,ESP,Spain,2,1,0,0,0,0,H
1966,WC-1966,M-1966-07,1966-07-13,group stage,Group 3,0,PRT,Portugal,HUN,Hungary,3,1,0,0,0,0,H
1966,WC-1966,M-1966-08,1966-07-13,group stage,Group 4,0,ITA,Italy,CHL,Chile,2,0,0,0,0,0,H
1966,WC-1966,M-1966-09,1966-07-15,group stage,Group 1,0,URY,Uruguay,FRA,France,2,1,0,0,0,0,H
1966,WC-1966,M-1966-10,1966-07-15,group stage,Group 2,0,ESP,Spain,CHE,Switzerland,2,1,0,0,0,0,H
1966,WC-1966,M-1966-11,1966-07-15,group stage,Group 3,0,HUN,Hungary,BRA,Brazil,3,1,0,0,0,0,H
1966,WC-1966,M-1966-12,1966-07-15,group stage,Group 4,0,CHL,Chile,PRK,North Korea,1,1,0,0,0,0,D
1966,WC-1966,M-1966-13,1966-07-16,group stage,Group 2,0,ARG,Argentina,DEU,West Germany,0,0,0,0,0,0,D
1966,WC-1966,M-1966-14,1966-07-16,group stage,Group 3,0,PRT,Portugal,BGR,Bulgaria,3,0,0,0,0,0,H
1966,WC-1966,M-1966-15,1966-07-16,group stage,Group 4,0,SUN,Soviet Union,ITA,Italy,1,0,0,0,0,0,H
1966,WC-1966,M-1966-16,1966-07-16,group stage,Group 1,0,ENG,England,MEX,Mexico,2,0,0,0,0,0,H
1966,WC-1966,M-1966-17,1966-07-19,group stage,Group 1,0,MEX,Mexico,URY,Uruguay,0,0,0,0,0,0,D
1966,WC-1966,M-1966-18,1966-07-19,group stage,Group 2,0,ARG,Argentina,CHE,Switzerland,2,0,0,0,0,0,H
1966,WC-1966,M-1966-19,1966-07-19,group stage,Group 3,0,PRT,Portugal,BRA,Brazil,3,1,0,0,0,0,H
1966,WC-1966,M-1966-20,1966-07-19,group stage,Group 4,0,PRK,North Korea,ITA,Italy,1,0,0,0,0,0,H
1966,WC-1966,M-1966-21,1966-07-20,group stage,Group 1,0,ENG,England,FRA,France,2,0,0,0,0,0,H
1966,WC-1966,M-1966-22,1966-07-20,group stage,Group 2,0,DEU,West Germany,ESP,Spain,2,1,0,0,0,0,H
1966,WC-1966,M-1966-23,1966-07-20,group stage,Group 3,0,HUN,Hungary,BGR,Bulgaria,3,1,0,0,0,0,H
1966,WC-1966,M-1966-24,1966-07-20,group stage,Group 4,0,SUN,Soviet Union,CHL,Chile,2,1,0,0,0,0,H
1966,WC-1966,M-1966-25,1966-07-23,quarter-finals,not applicable,1,ENG,England,ARG,Argentina,1,0,0,0,0,0,H
1966,WC-1966,M-1966-26,1966-07-23,quarter-finals,not applicable,1,PRT,Portugal,PRK,North Korea,5,3,0,0,0,0,H
1966,WC-1966,M-1966-27,1966-07-23,quarter-finals,not applicable,1,SUN,Soviet Union,HUN,Hungary,2,1,0,0,0,0,H
1966,WC-1966,M-1966-28,1966-07-23,quarter-finals,not applicable,1,DEU,West Germany,URY,Uruguay,4,0,0,0,0,0,H
1966,WC-1966,M-1966-29,1966-07-25,semi-finals,not applicable,1,DEU,West Germany,SUN,Soviet Union,2,1,0,0,0,0,H
1966,WC-1966,M-1966-30,1966-07-26,semi-finals,not applicable,1,ENG,England,PRT,Portugal,2,1,0,0,0,0,H
1966,WC-1966,M-1966-31,1966-07-28,third-place match,not applicable,1,PRT,Portugal,SUN,Soviet Union,2,1,0,0,0,0,H
1966,WC-1966,M-1966-32,1966-07-30,final,not applicable,1,ENG,England,DEU,West Germany,4,2,1,0,0,0,H
1970,WC-1970,M-1970-01,1970-05-31,group stage,Group 1,0,MEX,Mexico,SUN,Soviet Union,0,0,0,0,0,0,D
1970,WC-1970,M-1970-02,1970-06-02,group stage,Group 2,0,URY,Uruguay,ISR,Israel,2,0,0,0,0,0,H
1970,WC-1970,M-1970-03,1970-06-02,group stage,Group 3,0,ENG,England,ROU,Romania,1,0,0,0,0,0,H
1970,WC-1970,M-1970-04,1970-06-02,group stage,Group 4,0,PER,Peru,BGR,Bulgaria,3,2,0,0,0,0,H
1970,WC-1970,M-1970-05,1970-06-03,group stage,Group 1,0,BEL,Belgium,SLV,El Salvador,3,0,0,0,0,0,H
1970,WC-1970,M-1970-06,1970-06-03,group stage,Group 2,0,ITA,Italy,SWE,Sweden,1,0,0,0,0,0,H
1970,WC-1970,M-1970-07,1970-06-03,group stage,Group 3,0,BRA,Brazil,CSK,Czechoslovakia,4,1,0,0,0,0,H
1970,WC-1970,M-1970-08,1970-06-03,group stage,Group 4,0,DEU,West Germany,MAR,Morocco,2,1,0,0,0,0,H
1970,WC-1970,M-1970-09,1970-06-06,group stage,Group 1,0,SUN,Soviet Union,BEL,Belgium,4,1,0,0,0,0,H
1970,WC-1970,M-1970-10,1970-06-06,group stage,Group 2,0,URY,Uruguay,ITA,Italy,0,0,0,0,0,0,D
1970,WC-1970,M-1970-11,1970-06-06,group stage,Group 3,0,ROU,Romania,CSK,Czechoslovakia,2,1,0,0,0,0,H
1970,WC-1970,M-1970-12,1970-06-06,group stage,Group 4,0,PER,Peru,MAR,Morocco,3,0,0,0,0,0,H
1970,WC-1970,M-1970-13,1970-06-07,group stage,Group 1,0,MEX,Mexico,SLV,El Salvador,4,0,0,0,0,0,H
1970,WC-1970,M-1970-14,1970-06-07,group stage,Group 2,0,SWE,Sweden,ISR,Israel,1,1,0,0,0,0,D
1970,WC-1970,M-1970-15,1970-06-07,group stage,Group 3,0,BRA,Brazil,ENG,England,1,0,0,0,0,0,H
1970,WC-1970,M-1970-16,1970-06-07,group stage,Group 4,0,DEU,West Germany,BGR,Bulgaria,5,2,0,0,0,0,H
1970,WC-1970,M-1970-17,1970-06-10,group stage,Group 1,0,SUN,Soviet Union,SLV,El Salvador,2,0,0,0,0,0,H
1970,WC-1970,M-1970-18,1970-06-10,group stage,Group 2,0,SWE,Sweden,URY,Uruguay,1,0,0,0,0,0,H
1970,WC-1970,M-1970-19,1970-06-10,group stage,Group 3,0,BRA,Brazil,ROU,Romania,3,2,0,0,0,0,H
1970,WC-1970,M-1970-20,1970-06-10,group stage,Group 4,0,DEU,West Germany,PER,Peru,3,1,0,0,0,0,H
1970,WC-1970,M-1970-21,1970-06-11,group stage,Group 1,0,MEX,Mexico,BEL,Belgium,1,0,0,0,0,0,H
1970,WC-1970,M-1970-22,1970-06-11,group stage,Group 2,0,ITA,Italy,ISR,Israel,0,0,0,0,0,0,D
1970,WC-1970,M-1970-23,1970-06-11,group stage,Group 3,0,ENG,England,CSK,Czechoslovakia,1,0,0,0,0,0,H
1970,WC-1970,M-1970-24,1970-06-11,group stage,Group 4,0,BGR,Bulgaria,MAR,Morocco,1,1,0,0,0,0,D
1970,WC-1970,M-1970-25,1970-06-14,quarter-finals,not applicable,1,BRA,Brazil,PER,Peru,4,2,0,0,0,0,H
1970,WC-1970,M-1970-26,1970-06-14,quarter-finals,not applicable,1,ITA,Italy,MEX,Mexico,4,1,0,0,0,0,H
1970,WC-1970,M-1970-27,1970-06-14,quarter-finals,not applicable,1,SUN,Soviet Union,URY,Uruguay,0,1,1,0,0,0,A
1970,WC-1970,M-1970-28,1970-06-14,quarter-finals,not applicable,1,DEU,West Germany,ENG,England,3,2,1,0,0,0,H
1970,WC-1970,M-1970-29,1970-06-17,semi-finals,not applicable,1,BRA,Brazil,URY,Uruguay,3,1,0,0,0,0,H
1970,WC-1970,M-1970-30,1970-06-17,semi-finals,not applicable,1,ITA,Italy,DEU,West Germany,4,3,1,0,0,0,H
1970,WC-1970,M-1970-31,1970-06-20,third-place match,not applicable,1,DEU,West Germany,URY,Uruguay,1,0,0,0,0,0,H
1970,WC-1970,M-1970-32,1970-06-21,final,not applicable,1,BRA,Brazil,ITA,Italy,4,1,0,0,0,0,H
1974,WC-1974,M-1974-01,1974-06-13,group stage,Group 2,0,BRA,Brazil,YUG,Yugoslavia,0,0,0,0,0,0,D
1974,WC-1974,M-1974-02,1974-06-14,group stage,Group 1,0,DEU,West Germany,CHL,Chile,1,0,0,0,0,0,H
1974,WC-1974,M-1974-03,1974-06-14,group stage,Group 1,0,DDR,East Germany,AUS,Australia,2,0,0,0,0,0,H
1974,WC-1974,M-1974-04,1974-06-14,group stage,Group 2,0,COD,Zaire,SCO,Scotland,0,2,0,0,0,0,A
1974,WC-1974,M-1974-05,1974-06-15,group stage,Group 3,0,SWE,Sweden,BGR,Bulgaria,0,0,0,0,0,0,D
1974,WC-1974,M-1974-06,1974-06-15,group stage,Group 3,0,URY,Uruguay,NLD,Netherlands,0,2,0,0,0,0,A
1974,WC-1974,M-1974-07,1974-06-15,group stage,Group 4,0,ITA,Italy,HTI,Haiti,3,1,0,0,0,0,H
1974,WC-1974,M-1974-08,1974-06-15,group stage,Group 4,0,POL,Poland,ARG,Argentina,3,2,0,0,0,0,H
1974,WC-1974,M-1974-09,1974-06-18,group stage,Group 1,0,AUS,Australia,DEU,West Germany,0,3,0,0,0,0,A
1974,WC-1974,M-1974-10,1974-06-18,group stage,Group 1,0,CHL,Chile,DDR,East Germany,1,1,0,0,0,0,D
1974,WC-1974,M-1974-11,1974-06-18,group stage,Group 2,0,SCO,Scotland,BRA,Brazil,0,0,0,0,0,0,D
1974,WC-1974,M-1974-12,1974-06-18,group stage,Group 2,0,YUG,Yugoslavia,COD,Zaire,9,0,0,0,0,0,H
1974,WC-1974,M-1974-13,1974-06-19,group stage,Group 3,0,BGR,Bulgaria,URY,Uruguay,1,1,0,0,0,0,D
1974,WC-1974,M-1974-14,1974-06-19,group stage,Group 3,0,NLD,Netherlands,SWE,Sweden,0,0,0,0,0,0,D
1974,WC-1974,M-1974-15,1974-06-19,group stage,Group 4,0,ARG,Argentina,ITA,Italy,1,1,0,0,0,0,D
1974,WC-1974,M-1974-16,1974-06-19,group stage,Group 4,0,HTI,Haiti,POL,Poland,0,7,0,0,0,0,A
1974,WC-1974,M-1974-17,1974-06-22,group stage,Group 1,0,AUS,Australia,CHL,Chile,0,0,0,0,0,0,D
1974,WC-1974,M-1974-18,1974-06-22,group stage,Group 2,0,SCO,Scotland,YUG,Yugoslavia,1,1,0,0,0,0,D
1974,WC-1974,M-1974-19,1974-06-22,group stage,Group 2,0,COD,Zaire,BRA,Brazil,0,3,0,0,0,0,A
1974,WC-1974,M-1974-20,1974-06-22,group stage,Group 1,0,DDR,East Germany,DEU,West Germany,1,0,0,0,0,0,H
1974,WC-1974,M-1974-21,1974-06-23,group stage,Group 3,0,BGR,Bulgaria,NLD,Netherlands,1,4,0,0,0,0,A
1974,WC-1974,M-1974-22,1974-06-23,group stage,Group 3,0,SWE,Sweden,URY,Uruguay,3,0,0,0,0,0,H
1974,WC-1974,M-1974-23,1974-06-23,group stage,Group 4,0,ARG,Argentina,HTI,Haiti,4,1,0,0,0,0,H
1974,WC-1974,M-1974-24,1974-06-23,group stage,Group 4,0,POL,Poland,ITA,Italy,2,1,0,0,0,0,H
1974,WC-1974,M-1974-25,1974-06-26,second group stage,Group B,0,YUG,Yugoslavia,DEU,West Germany,0,2,0,0,0,0,A
1974,WC-1974,M-1974-26,1974-06-26,second group stage,Group A,0,BRA,Brazil,DDR,East Germany,1,0,0,0,0,0,H
1974,WC-1974,M-1974-27,1974-06-26,second group stage,Group A,0,NLD,Netherlands,ARG,Argentina,4,0,0,0,0,0,H
1974,WC-1974,M-1974-28,1974-06-26,second group stage,Group B,0,SWE,Sweden,POL,Poland,0,1,0,0,0,0,A
1974,WC-1974,M-1974-29,1974-06-30,second group stage,Group A,0,ARG,Argentina,BRA,Brazil,1,2,0,0,0,0,A
1974,WC-1974,M-1974-30,1974-06-30,second group stage,Group A,0,DDR,East Germany,NLD,Netherlands,0,2,0,0,0,0,A
1974,WC-1974,M-1974-31,1974-06-30,second group stage,Group B,0,POL,Poland,YUG,Yugoslavia,2,1,0,0,0,0,H
1974,WC-1974,M-1974-32,1974-06-30,second group stage,Group B,0,DEU,West Germany,SWE,Sweden,4,2,0,0,0,0,H
1974,WC-1974,M-1974-33,1974-07-03,second group stage,Group B,0,POL,Poland,DEU,West Germany,0,1,0,0,0,0,A
1974,WC-1974,M-1974-34,1974-07-03,second group stage,Group A,0,ARG,Argentina,DDR,East Germany,1,1,0,0,0,0,D
1974,WC-1974,M-1974-35,1974-07-03,second group stage,Group A,0,NLD,Netherlands,BRA,Brazil,2,0,0,0,0,0,H
1974,WC-1974,M-1974-36,1974-07-03,second group stage,Group B,0,SWE,Sweden,YUG,Yugoslavia,2,1,0,0,0,0,H
1974,WC-1974,M-1974-37,1974-07-06,third-place match,not applicable,1,BRA,Brazil,POL,Poland,0,1,0,0,0,0,A
1974,WC-1974,M-1974-38,1974-07-07,final,not applicable,1,NLD,Netherlands,DEU,West Germany,1,2,0,0,0,0,A
1978,WC-1978,M-1978-01,1978-06-01,group stage,Group 2,0,DEU,West Germany,POL,Poland,0,0,0,0,0,0,D
1978,WC-1978,M-1978-02,1978-06-02,group stage,Group 1,0,ITA,Italy,FRA,France,2,1,0,0,0,0,H
1978,WC-1978,M-1978-03,1978-06-02,group stage,Group 2,0,TUN,Tunisia,MEX,Mexico,3,1,0,0,0,0,H
1978,WC-1978,M-1978-04,1978-06-02,group stage,Group 1,0,ARG,Argentina,HUN,Hungary,2,1,0,0,0,0,H
1978,WC-1978,M-1978-05,1978-06-03,group stage,Group 3,0,AUT,Austria,ESP,Spain,2,1,0,0,0,0,H
1978,WC-1978,M-1978-06,1978-06-03,group stage,Group 3,0,BRA,Brazil,SWE,Sweden,1,1,0,0,0,0,D
1978,WC-1978,M-1978-07,1978-06-03,group stage,Group 4,0,NLD,Netherlands,IRN,Iran,3,0,0,0,0,0,H
1978,WC-1978,M-1978-08,1978-06-03,group stage,Group 4,0,PER,Peru,SCO,Scotland,3,1,0,0,0,0,H
1978,WC-1978,M-1978-09,1978-06-06,group stage,Group 1,0,ITA,Italy,HUN,Hungary,3,1,0,0,0,0,H
1978,WC-1978,M-1978-10,1978-06-06,group stage,Group 2,0,POL,Poland,TUN,Tunisia,1,0,0,0,0,0,H
1978,WC-1978,M-1978-11,1978-06-06,group stage,Group 2,0,DEU,West Germany,MEX,Mexico,6,0,0,0,0,0,H
1978,WC-1978,M-1978-12,1978-06-06,group stage,Group 1,0,ARG,Argentina,FRA,France,2,1,0,0,0,0,H
1978,WC-1978,M-1978-13,1978-06-07,group stage,Group 3,0,AUT,Austria,SWE,Sweden,1,0,0,0,0,0,H
1978,WC-1978,M-1978-14,1978-06-07,group stage,Group 3,0,BRA,Brazil,ESP,Spain,0,0,0,0,0,0,D
1978,WC-1978,M-1978-15,1978-06-07,group stage,Group 4,0,NLD,Netherlands,PER,Peru,0,0,0,0,0,0,D
1978,WC-1978,M-1978-16,1978-06-07,group stage,Group 4,0,SCO,Scotland,IRN,Iran,1,1,0,0,0,0,D
1978,WC-1978,M-1978-17,1978-06-10,group stage,Group 1,0,FRA,France,HUN,Hungary,3,1,0,0,0,0,H
1978,WC-1978,M-1978-18,1978-06-10,group stage,Group 2,0,POL,Poland,MEX,Mexico,3,1,0,0,0,0,H
1978,WC-1978,M-1978-19,1978-06-10,group stage,Group 2,0,DEU,West Germany,TUN,Tunisia,0,0,0,0,0,0,D
1978,WC-1978,M-1978-20,1978-06-10,group stage,Group 1,0,ARG,Argentina,ITA,Italy,0,1,0,0,0,0,A
1978,WC-1978,M-1978-21,1978-06-11,group stage,Group 3,0,BRA,Brazil,AUT,Austria,1,0,0,0,0,0,H
1978,WC-1978,M-1978-22,1978-06-11,group stage,Group 3,0,ESP,Spain,SWE,Sweden,1,0,0,0,0,0,H
1978,WC-1978,M-1978-23,1978-06-11,group stage,Group 4,0,PER,Peru,IRN,Iran,4,1,0,0,0,0,H
1978,WC-1978,M-1978-24,1978-06-11,group stage,Group 4,0,SCO,Scotland,NLD,Netherlands,3,2,0,0,0,0,H
1978,WC-1978,M-1978-25,1978-06-14,second group stage,Group A,0,AUT,Austria,NLD,Netherlands,1,5,0,0,0,0,A
1978,WC-1978,M-1978-26,1978-06-14,second group stage,Group A,0,ITA,Italy,DEU,West Germany,0,0,0,0,0,0,D
1978,WC-1978,M-1978-27,1978-06-14,second group stage,Group B,0,BRA,Brazil,PER,Peru,3,0,0,0,0,0,H
1978,WC-1978,M-1978-28,1978-06-14,second group stage,Group B,0,ARG,Argentina,POL,Poland,2,0,0,0,0,0,H
1978,WC-1978,M-1978-29,1978-06-18,second group stage,Group B,0,PER,Peru,POL,Poland,0,1,0,0,0,0,A
1978,WC-1978,M-1978-30,1978-06-18,second group stage,Group A,0,ITA,Italy,AUT,Austria,1,0,0,0,0,0,H
1978,WC-1978,M-1978-31,1978-06-18,second group stage,Group A,0,NLD,Netherlands,DEU,West Germany,2,2,0,0,0,0,D
1978,WC-1978,M-1978-32,1978-06-18,second group stage,Group B,0,ARG,Argentina,BRA,Brazil,0,0,0,0,0,0,D
1978,WC-1978,M-1978-33,1978-06-21,second group stage,Group A,0,AUT,Austria,DEU,West Germany,3,2,0,0,0,0,H
1978,WC-1978,M-1978-34,1978-06-21,second group stage,Group A,0,ITA,Italy,NLD,Netherlands,1,2,0,0,0,0,A
1978,WC-1978,M-1978-35,1978-06-21,second group stage,Group B,0,BRA,Brazil,POL,Poland,3,1,0,0,0,0,H
1978,WC-1978,M-1978-36,1978-06-21,second group stage,Group B,0,ARG,Argentina,PER,Peru,6,0,0,0,0,0,H
1978,WC-1978,M-1978-37,1978-06-24,third-place match,not applicable,1,BRA,Brazil,ITA,Italy,2,1,0,0,0,0,H
1978,WC-1978,M-1978-38,1978-06-25,final,not applicable,1,ARG,Argentina,NLD,Netherlands,3,1,1,0,0,0,H
1982,WC-1982,M-1982-01,1982-06-13,group stage,Group 3,0,ARG,Argentina,BEL,Belgium,0,1,0,0,0,0,A
1982,WC-1982,M-1982-02,1982-06-14,group stage,Group 1,0,ITA,Italy,POL,Poland,0,0,0,0,0,0,D
1982,WC-1982,M-1982-03,1982-06-14,group stage,Group 6,0,BRA,Brazil,SUN,Soviet Union,2,1,0,0,0,0,H
1982,WC-1982,M-1982-04,1982-06-15,group stage,Group 1,0,PER,Peru,CMR,Cameroon,0,0,0,0,0,0,D
1982,WC-1982,M-1982-05,1982-06-15,group stage,Group 3,0,HUN,Hungary,SLV,El Salvador,10,1,0,0,0,0,H
1982,WC-1982,M-1982-06,1982-06-15,group stage,Group 6,0,SCO,Scotland,NZL,New Zealand,5,2,0,0,0,0,H
1982,WC-1982,M-1982-07,1982-06-16,group stage,Group 2,0,DEU,West Germany,DZA,Algeria,1,2,0,0,0,0,A
1982,WC-1982,M-1982-08,1982-06-16,group stage,Group 4,0,ENG,England,FRA,France,3,1,0,0,0,0,H
1982,WC-1982,M-1982-09,1982-06-16,group stage,Group 5,0,ESP,Spain,HND,Honduras,1,1,0,0,0,0,D
1982,WC-1982,M-1982-10,1982-06-17,group stage,Group 2,0,CHL,Chile,AUT,Austria,0,1,0,0,0,0,A
1982,WC-1982,M-1982-11,1982-06-17,group stage,Group 4,0,CSK,Czechoslovakia,KWT,Kuwait,1,1,0,0,0,0,D
1982,WC-1982,M-1982-12,1982-06-17,group stage,Group 5,0,YUG,Yugoslavia,NIR,Northern Ireland,0,0,0,0,0,0,D
1982,WC-1982,M-1982-13,1982-06-18,group stage,Group 1,0,ITA,Italy,PER,Peru,1,1,0,0,0,0,D
1982,WC-1982,M-1982-14,1982-06-18,group stage,Group 3,0,ARG,Argentina,HUN,Hungary,4,1,0,0,0,0,H
1982,WC-1982,M-1982-15,1982-06-18,group stage,Group 6,0,BRA,Brazil,SCO,Scotland,4,1,0,0,0,0,H
1982,WC-1982,M-1982-16,1982-06-19,group stage,Group 1,0,POL,Poland,CMR,Cameroon,0,0,0,0,0,0,D
1982,WC-1982,M-1982-17,1982-06-19,group stage,Group 3,0,BEL,Belgium,SLV,El Salvador,1,0,0,0,0,0,H
1982,WC-1982,M-1982-18,1982-06-19,group stage,Group 6,0,SUN,Soviet Union,NZL,New Zealand,3,0,0,0,0,0,H
1982,WC-1982,M-1982-19,1982-06-20,group stage,Group 2,0,DEU,West Germany,CHL,Chile,4,1,0,0,0,0,H
1982,WC-1982,M-1982-20,1982-06-20,group stage,Group 4,0,ENG,England,CSK,Czechoslovakia,2,0,0,0,0,0,H
1982,WC-1982,M-1982-21,1982-06-20,group stage,Group 5,0,ESP,Spain,YUG,Yugoslavia,2,1,0,0,0,0,H
1982,WC-1982,M-1982-22,1982-06-21,group stage,Group 2,0,DZA,Algeria,AUT,Austria,0,2,0,0,0,0,A
1982,WC-1982,M-1982-23,1982-06-21,group stage,Group 4,0,FRA,France,KWT,Kuwait,4,1,0,0,0,0,H
1982,WC-1982,M-1982-24,1982-06-21,group stage,Group 5,0,HND,Honduras,NIR,Northern Ireland,1,1,0,0,0,0,D
1982,WC-1982,M-1982-25,1982-06-22,group stage,Group 1,0,POL,Poland,PER,Peru,5,1,0,0,0,0,H
1982,WC-1982,M-1982-26,1982-06-22,group stage,Group 3,0,BEL,Belgium,HUN,Hungary,1,1,0,0,0,0,D
1982,WC-1982,M-1982-27,1982-06-22,group stage,Group 6,0,SUN,Soviet Union,SCO,Scotland,2,2,0,0,0,0,D
1982,WC-1982,M-1982-28,1982-06-23,group stage,Group 1,0,ITA,Italy,CMR,Cameroon,1,1,0,0,0,0,D
1982,WC-1982,M-1982-29,1982-06-23,group stage,Group 3,0,ARG,Argentina,SLV,El Salvador,2,0,0,0,0,0,H
1982,WC-1982,M-1982-30,1982-06-23,group stage,Group 6,0,BRA,Brazil,NZL,New Zealand,4,0,0,0,0,0,H
1982,WC-1982,M-1982-31,1982-06-24,group stage,Group 2,0,DZA,Algeria,CHL,Chile,3,2,0,0,0,0,H
1982,WC-1982,M-1982-32,1982-06-24,group stage,Group 4,0,FRA,France,CSK,Czechoslovakia,1,1,0,0,0,0,D
1982,WC-1982,M-1982-33,1982-06-24,group stage,Group 5,0,HND,Honduras,YUG,Yugoslavia,0,1,0,0,0,0,A
1982,WC-1982,M-1982-34,1982-06-25,group stage,Group 2,0,DEU,West Germany,AUT,Austria,1,0,0,0,0,0,H
1982,WC-1982,M-1982-35,1982-06-25,group stage,Group 4,0,ENG,England,KWT,Kuwait,1,0,0,0,0,0,H
1982,WC-1982,M-1982-36,1982-06-25,group stage,Group 5,0,ESP,Spain,NIR,Northern Ireland,0,1,0,0,0,0,A
1982,WC-1982,M-1982-37,1982-06-28,second group stage,Group 4,0,AUT,Austria,FRA,France,0,1,0,0,0,0,A
1982,WC-1982,M-1982-38,1982-06-28,second group stage,Group 1,0,POL,Poland,BEL,Belgium,3,0,0,0,0,0,H
1982,WC-1982,M-1982-39,1982-06-29,second group stage,Group 3,0,ITA,Italy,ARG,Argentina,2,1,0,0,0,0,H
1982,WC-1982,M-1982-40,1982-06-29,second group stage,Group 2,0,DEU,West Germany,ENG,England,0,0,0,0,0,0,D
1982,WC-1982,M-1982-41,1982-07-01,second group stage,Group 4,0,AUT,Austria,NIR,Northern Ireland,2,2,0,0,0,0,D
1982,WC-1982,M-1982-42,1982-07-01,second group stage,Group 1,0,BEL,Belgium,SUN,Soviet Union,0,1,0,0,0,0,A
1982,WC-1982,M-1982-43,1982-07-02,second group stage,Group 3,0,ARG,Argentina,BRA,Brazil,1,3,0,0,0,0,A
1982,WC-1982,M-1982-44,1982-07-02,second group stage,Group 2,0,DEU,West Germany,ESP,Spain,2,1,0,0,0,0,H
1982,WC-1982,M-1982-45,1982-07-04,second group stage,Group 4,0,FRA,France,NIR,Northern Ireland,4,1,0,0,0,0,H
1982,WC-1982,M-1982-46,1982-07-04,second group stage,Group 1,0,SUN,Soviet Union,POL,Poland,0,0,0,0,0,0,D
1982,WC-1982,M-1982-47,1982-07-05,second group stage,Group 3,0,ITA,Italy,BRA,Brazil,3,2,0,0,0,0,H
1982,WC-1982,M-1982-48,1982-07-05,second group stage,Group 2,0,ESP,Spain,ENG,England,0,0,0,0,0,0,D
1982,WC-1982,M-1982-49,1982-07-08,semi-finals,not applicable,1,POL,Poland,ITA,Italy,0,2,0,0,0,0,A
1982,WC-1982,M-1982-50,1982-07-08,semi-finals,not applicable,1,DEU,West Germany,FRA,France,3,3,1,1,5,4,D
1982,WC-1982,M-1982-51,1982-07-10,third-place match,not applicable,1,POL,Poland,FRA,France,3,2,0,0,0,0,H
1982,WC-1982,M-1982-52,1982-07-11,final,not applicable,1,ITA,Italy,DEU,West Germany,3,1,0,0,0,0,H
1986,WC-1986,M-1986-01,1986-05-31,group stage,Group A,0,BGR,Bulgaria,ITA,Italy,1,1,0,0,0,0,D
1986,WC-1986,M-1986-02,1986-06-01,group stage,Group D,0,ESP,Spain,BRA,Brazil,0,1,0,0,0,0,A
1986,WC-1986,M-1986-03,1986-06-01,group stage,Group C,0,CAN,Canada,FRA,France,0,1,0,0,0,0,A
1986,WC-1986,M-1986-04,1986-06-02,group stage,Group A,0,ARG,Argentina,KOR,South Korea,3,1,0,0,0,0,H
1986,WC-1986,M-1986-05,1986-06-02,group stage,Group C,0,SUN,Soviet Union,HUN,Hungary,6,0,0,0,0,0,H
1986,WC-1986,M-1986-06,1986-06-02,group stage,Group F,0,MAR,Morocco,POL,Poland,0,0,0,0,0,0,D
1986,WC-1986,M-1986-07,1986-06-03,group stage,Group B,0,BEL,Belgium,MEX,Mexico,1,2,0,0,0,0,A
1986,WC-1986,M-1986-08,1986-06-03,group stage,Group D,0,DZA,Algeria,NIR,Northern Ireland,1,1,0,0,0,0,D
1986,WC-1986,M-1986-09,1986-06-03,group stage,Group F,0,PRT,Portugal,ENG,England,1,0,0,0,0,0,H
1986,WC-1986,M-1986-10,1986-06-04,group stage,Group B,0,PRY,Paraguay,IRQ,Iraq,1,0,0,0,0,0,H
1986,WC-1986,M-1986-11,1986-06-04,group stage,Group E,0,URY,Uruguay,DEU,West Germany,1,1,0,0,0,0,D
1986,WC-1986,M-1986-12,1986-06-04,group stage,Group E,0,SCO,Scotland,DNK,Denmark,0,1,0,0,0,0,A
1986,WC-1986,M-1986-13,1986-06-05,group stage,Group A,0,ITA,Italy,ARG,Argentina,1,1,0,0,0,0,D
1986,WC-1986,M-1986-14,1986-06-05,group stage,Group C,0,FRA,France,SUN,Soviet Union,1,1,0,0,0,0,D
1986,WC-1986,M-1986-15,1986-06-05,group stage,Group A,0,KOR,South Korea,BGR,Bulgaria,1,1,0,0,0,0,D
1986,WC-1986,M-1986-16,1986-06-06,group stage,Group C,0,HUN,Hungary,CAN,Canada,2,0,0,0,0,0,H
1986,WC-1986,M-1986-17,1986-06-06,group stage,Group D,0,BRA,Brazil,DZA,Algeria,1,0,0,0,0,0,H
1986,WC-1986,M-1986-18,1986-06-06,group stage,Group F,0,ENG,England,MAR,Morocco,0,0,0,0,0,0,D
1986,WC-1986,M-1986-19,1986-06-07,group stage,Group B,0,MEX,Mexico,PRY,Paraguay,1,1,0,0,0,0,D
1986,WC-1986,M-1986-20,1986-06-07,group stage,Group D,0,NIR,Northern Ireland,ESP,Spain,1,2,0,0,0,0,A
1986,WC-1986,M-1986-21,1986-06-07,group stage,Group F,0,POL,Poland,PRT,Portugal,1,0,0,0,0,0,H
1986,WC-1986,M-1986-22,1986-06-08,group stage,Group B,0,IRQ,Iraq,BEL,Belgium,1,2,0,0,0,0,A
1986,WC-1986,M-1986-23,1986-06-08,group stage,Group E,0,DEU,West Germany,SCO,Scotland,2,1,0,0,0,0,H
1986,WC-1986,M-1986-24,1986-06-08,group stage,Group E,0,DNK,Denmark,URY,Uruguay,6,1,0,0,0,0,H
1986,WC-1986,M-1986-25,1986-06-09,group stage,Group C,0,HUN,Hungary,FRA,France,0,3,0,0,0,0,A
1986,WC-1986,M-1986-26,1986-06-09,group stage,Group C,0,SUN,Soviet Union,CAN,Canada,2,0,0,0,0,0,H
1986,WC-1986,M-1986-27,1986-06-10,group stage,Group A,0,ARG,Argentina,BGR,Bulgaria,2,0,0,0,0,0,H
1986,WC-1986,M-1986-28,1986-06-10,group stage,Group A,0,KOR,South Korea,ITA,Italy,2,3,0,0,0,0,A
1986,WC-1986,M-1986-29,1986-06-11,group stage,Group B,0,IRQ,Iraq,MEX,Mexico,0,1,0,0,0,0,A
1986,WC-1986,M-1986-30,1986-06-11,group stage,Group B,0,PRY,Paraguay,BEL,Belgium,2,2,0,0,0,0,D
1986,WC-1986,M-1986-31,1986-06-11,group stage,Group F,0,ENG,England,POL,Poland,3,0,0,0,0,0,H
1986,WC-1986,M-1986-32,1986-06-11,group stage,Group F,0,PRT,Portugal,MAR,Morocco,1,3,0,0,0,0,A
1986,WC-1986,M-1986-33,1986-06-12,group stage,Group D,0,DZA,Algeria,ESP,Spain,0,3,0,0,0,0,A
1986,WC-1986,M-1986-34,1986-06-12,group stage,Group D,0,NIR,Northern Ireland,BRA,Brazil,0,3,0,0,0,0,A
1986,WC-1986,M-1986-35,1986-06-13,group stage,Group E,0,DNK,Denmark,DEU,West Germany,2,0,0,0,0,0,H
1986,WC-1986,M-1986-36,1986-06-13,group stage,Group E,0,SCO,Scotland,URY,Uruguay,0,0,0,0,0,0,D
1986,WC-1986,M-1986-37,1986-06-15,round of 16,not applicable,1,MEX,Mexico,BGR,Bulgaria,2,0,0,0,0,0,H
1986,WC-1986,M-1986-38,1986-06-15,round of 16,not applicable,1,SUN,Soviet Union,BEL,Belgium,3,4,1,0,0,0,A
1986,WC-1986,M-1986-39,1986-06-16,round of 16,not applicable,1,BRA,Brazil,POL,Poland,4,0,0,0,0,0,H
1986,WC-1986,M-1986-40,1986-06-16,round of 16,not applicable,1,ARG,Argentina,URY,Uruguay,1,0,0,0,0,0,H
1986,WC-1986,M-1986-41,1986-06-17,round of 16,not applicable,1,ITA,Italy,FRA,France,0,2,0,0,0,0,A
1986,WC-1986,M-1986-42,1986-06-17,round of 16,not applicable,1,MAR,Morocco,DEU,West Germany,0,1,0,0,0,0,A
1986,WC-1986,M-1986-43,1986-06-18,round of 16,not applicable,1,ENG,England,PRY,Paraguay,3,0,0,0,0,0,H
1986,WC-1986,M-1986-44,1986-06-18,round of 16,not applicable,1,DNK,Denmark,ESP,Spain,1,5,0,0,0,0,A
1986,WC-1986,M-1986-45,1986-06-21,quarter-finals,not applicable,1,BRA,Brazil,FRA,France,1,1,1,1,3,4,D
1986,WC-1986,M-1986-46,1986-06-21,quarter-finals,not applicable,1,DEU,West Germany,MEX,Mexico,0,0,1,1,4,1,D
1986,WC-1986,M-1986-47,1986-06-22,quarter-finals,not applicable,1,ARG,Argentina,ENG,England,2,1,0,0,0,0,H
1986,WC-1986,M-1986-48,1986-06-22,quarter-finals,not applicable,1,ESP,Spain,BEL,Belgium,1,1,1,1,4,5,D
1986,WC-1986,M-1986-49,1986-06-25,semi-finals,not applicable,1,FRA,France,DEU,West Germany,0,2,0,0,0,0,A
1986,WC-1986,M-1986-50,1986-06-25,semi-finals,not applicable,1,ARG,Argentina,BEL,Belgium,2,0,0,0,0,0,H
1986,WC-1986,M-1986-51,1986-06-28,third-place match,not applicable,1,BEL,Belgium,FRA,France,2,4,1,0,0,0,A
1986,WC-1986,M-1986-52,1986-06-29,final,not applicable,1,ARG,Argentina,DEU,West Germany,3,2,0,0,0,0,H
1990,WC-1990,M-1990-01,1990-06-08,group stage,Group B,0,ARG,Argentina,CMR,Cameroon,0,1,0,0,0,0,A
1990,WC-1990,M-1990-02,1990-06-09,group stage,Group B,0,SUN,Soviet Union,ROU,Romania,0,2,0,0,0,0,A
1990,WC-1990,M-1990-03,1990-06-09,group stage,Group D,0,ARE,United Arab Emirates,COL,Colombia,0,2,0,0,0,0,A
1990,WC-1990,M-1990-04,1990-06-09,group stage,Group A,0,ITA,Italy,AUT,Austria,1,0,0,0,0,0,H
1990,WC-1990,M-1990-05,1990-06-10,group stage,Group A,0,USA,United States,CSK,Czechoslovakia,1,5,0,0,0,0,A
1990,WC-1990,M-1990-06,1990-06-10,group stage,Group C,0,BRA,Brazil,SWE,Sweden,2,1,0,0,0,0,H
1990,WC-1990,M-1990-07,1990-06-10,group stage,Group D,0,DEU,West Germany,YUG,Yugoslavia,4,1,0,0,0,0,H
1990,WC-1990,M-1990-08,1990-06-11,group stage,Group C,0,CRI,Costa Rica,SCO,Scotland,1,0,0,0,0,0,H
1990,WC-1990,M-1990-09,1990-06-11,group stage,Group F,0,ENG,England,IRL,Republic of Ireland,1,1,0,0,0,0,D
1990,WC-1990,M-1990-10,1990-06-12,group stage,Group E,0,BEL,Belgium,KOR,South Korea,2,0,0,0,0,0,H
1990,WC-1990,M-1990-11,1990-06-12,group stage,Group F,0,NLD,Netherlands,EGY,Egypt,1,1,0,0,0,0,D
1990,WC-1990,M-1990-12,1990-06-13,group stage,Group E,0,URY,Uruguay,ESP,Spain,0,0,0,0,0,0,D
1990,WC-1990,M-1990-13,1990-06-13,group stage,Group B,0,ARG,Argentina,SUN,Soviet Union,2,0,0,0,0,0,H
1990,WC-1990,M-1990-14,1990-06-14,group stage,Group B,0,CMR,Cameroon,ROU,Romania,2,1,0,0,0,0,H
1990,WC-1990,M-1990-15,1990-06-14,group stage,Group D,0,YUG,Yugoslavia,COL,Colombia,1,0,0,0,0,0,H
1990,WC-1990,M-1990-16,1990-06-14,group stage,Group A,0,ITA,Italy,USA,United States,1,0,0,0,0,0,H
1990,WC-1990,M-1990-17,1990-06-15,group stage,Group A,0,AUT,Austria,CSK,Czechoslovakia,0,1,0,0,0,0,A
1990,WC-1990,M-1990-18,1990-06-15,group stage,Group D,0,DEU,West Germany,ARE,United Arab Emirates,5,1,0,0,0,0,H
1990,WC-1990,M-1990-19,1990-06-16,group stage,Group C,0,BRA,Brazil,CRI,Costa Rica,1,0,0,0,0,0,H
1990,WC-1990,M-1990-20,1990-06-16,group stage,Group C,0,SWE,Sweden,SCO,Scotland,1,2,0,0,0,0,A
1990,WC-1990,M-1990-21,1990-06-16,group stage,Group F,0,ENG,England,NLD,Netherlands,0,0,0,0,0,0,D
1990,WC-1990,M-1990-22,1990-06-17,group stage,Group F,0,IRL,Republic of Ireland,EGY,Egypt,0,0,0,0,0,0,D
1990,WC-1990,M-1990-23,1990-06-17,group stage,Group E,0,BEL,Belgium,URY,Uruguay,3,1,0,0,0,0,H
1990,WC-1990,M-1990-24,1990-06-17,group stage,Group E,0,KOR,South Korea,ESP,Spain,1,3,0,0,0,0,A
1990,WC-1990,M-1990-25,1990-06-18,group stage,Group B,0,ARG,Argentina,ROU,Romania,1,1,0,0,0,0,D
1990,WC-1990,M-1990-26,1990-06-18,group stage,Group B,0,CMR,Cameroon,SUN,Soviet Union,0,4,0,0,0,0,A
1990,WC-1990,M-1990-27,1990-06-19,group stage,Group D,0,DEU,West Germany,COL,Colombia,1,1,0,0,0,0,D
1990,WC-1990,M-1990-28,1990-06-19,group stage,Group D,0,YUG,Yugoslavia,ARE,United Arab Emirates,4,1,0,0,0,0,H
1990,WC-1990,M-1990-29,1990-06-19,group stage,Group A,0,AUT,Austria,USA,United States,2,1,0,0,0,0,H
1990,WC-1990,M-1990-30,1990-06-19,group stage,Group A,0,ITA,Italy,CSK,Czechoslovakia,2,0,0,0,0,0,H
1990,WC-1990,M-1990-31,1990-06-20,group stage,Group C,0,BRA,Brazil,SCO,Scotland,1,0,0,0,0,0,H
1990,WC-1990,M-1990-32,1990-06-20,group stage,Group C,0,SWE,Sweden,CRI,Costa Rica,1,2,0,0,0,0,A
1990,WC-1990,M-1990-33,1990-06-21,group stage,Group E,0,BEL,Belgium,ESP,Spain,1,2,0,0,0,0,A
1990,WC-1990,M-1990-34,1990-06-21,group stage,Group E,0,KOR,South Korea,URY,Uruguay,0,1,0,0,0,0,A
1990,WC-1990,M-1990-35,1990-06-21,group stage,Group F,0,ENG,England,EGY,Egypt,1,0,0,0,0,0,H
1990,WC-1990,M-1990-36,1990-06-21,group stage,Group F,0,IRL,Republic of Ireland,NLD,Netherlands,1,1,0,0,0,0,D
1990,WC-1990,M-1990-37,1990-06-23,round of 16,not applicable,1,CMR,Cameroon,COL,Colombia,2,1,1,0,0,0,H
1990,WC-1990,M-1990-38,1990-06-23,round of 16,not applicable,1,CSK,Czechoslovakia,CRI,Costa Rica,4,1,0,0,0,0,H
1990,WC-1990,M-1990-39,1990-06-24,round of 16,not applicable,1,BRA,Brazil,ARG,Argentina,0,1,0,0,0,0,A
1990,WC-1990,M-1990-40,1990-06-24,round of 16,not applicable,1,DEU,West Germany,NLD,Netherlands,2,1,0,0,0,0,H
1990,WC-1990,M-1990-41,1990-06-25,round of 16,not applicable,1,IRL,Republic of Ireland,ROU,Romania,0,0,1,1,5,4,D
1990,WC-1990,M-1990-42,1990-06-25,round of 16,not applicable,1,ITA,Italy,URY,Uruguay,2,0,0,0,0,0,H
1990,WC-1990,M-1990-43,1990-06-26,round of 16,not applicable,1,ESP,Spain,YUG,Yugoslavia,1,2,1,0,0,0,A
1990,WC-1990,M-1990-44,1990-06-26,round of 16,not applicable,1,ENG,England,BEL,Belgium,1,0,1,0,0,0,H
1990,WC-1990,M-1990-45,1990-06-30,quarter-finals,not applicable,1,ARG,Argentina,YUG,Yugoslavia,0,0,1,1,3,2,D
1990,WC-1990,M-1990-46,1990-06-30,quarter-finals,not applicable,1,IRL,Republic of Ireland,ITA,Italy,0,1,0,0,0,0,A
1990,WC-1990,M-1990-47,1990-07-01,quarter-finals,not applicable,1,CSK,Czechoslovakia,DEU,West Germany,0,1,0,0,0,0,A
1990,WC-1990,M-1990-48,1990-07-01,quarter-finals,not applicable,1,CMR,Cameroon,ENG,England,2,3,1,0,0,0,A
1990,WC-1990,M-1990-49,1990-07-03,semi-finals,not applicable,1,ARG,Argentina,ITA,Italy,1,1,1,1,4,3,D
1990,WC-1990,M-1990-50,1990-07-04,semi-finals,not applicable,1,DEU,West Germany,ENG,England,1,1,1,1,4,3,D
1990,WC-1990,M-1990-51,1990-07-07,third-place match,not applicable,1,ITA,Italy,ENG,England,2,1,0,0,0,0,H
1990,WC-1990,M-1990-52,1990-07-08,final,not applicable,1,DEU,West Germany,ARG,Argentina,1,0,0,0,0,0,H
1994,WC-1994,M-1994-01,1994-06-17,group stage,Group C,0,DEU,Germany,BOL,Bolivia,1,0,0,0,0,0,H
1994,WC-1994,M-1994-02,1994-06-17,group stage,Group C,0,ESP,Spain,KOR,South Korea,2,2,0,0,0,0,D
1994,WC-1994,M-1994-03,1994-06-18,group stage,Group A,0,USA,United States,CHE,Switzerland,1,1,0,0,0,0,D
1994,WC-1994,M-1994-04,1994-06-18,group stage,Group E,0,ITA,Italy,IRL,Republic of Ireland,0,1,0,0,0,0,A
1994,WC-1994,M-1994-05,1994-06-18,group stage,Group A,0,COL,Colombia,ROU,Romania,1,3,0,0,0,0,A
1994,WC-1994,M-1994-06,1994-06-19,group stage,Group F,0,BEL,Belgium,MAR,Morocco,1,0,0,0,0,0,H
1994,WC-1994,M-1994-07,1994-06-19,group stage,Group E,0,NOR,Norway,MEX,Mexico,1,0,0,0,0,0,H
1994,WC-1994,M-1994-08,1994-06-19,group stage,Group B,0,CMR,Cameroon,SWE,Sweden,2,2,0,0,0,0,D
1994,WC-1994,M-1994-09,1994-06-20,group stage,Group B,0,BRA,Brazil,RUS,Russia,2,0,0,0,0,0,H
1994,WC-1994,M-1994-10,1994-06-20,group stage,Group F,0,NLD,Netherlands,SAU,Saudi Arabia,2,1,0,0,0,0,H
1994,WC-1994,M-1994-11,1994-06-21,group stage,Group D,0,ARG,Argentina,GRC,Greece,4,0,0,0,0,0,H
1994,WC-1994,M-1994-12,1994-06-21,group stage,Group C,0,DEU,Germany,ESP,Spain,1,1,0,0,0,0,D
1994,WC-1994,M-1994-13,1994-06-21,group stage,Group D,0,NGA,Nigeria,BGR,Bulgaria,3,0,0,0,0,0,H
1994,WC-1994,M-1994-14,1994-06-22,group stage,Group A,0,ROU,Romania,CHE,Switzerland,1,4,0,0,0,0,A
1994,WC-1994,M-1994-15,1994-06-22,group stage,Group A,0,USA,United States,COL,Colombia,2,1,0,0,0,0,H
1994,WC-1994,M-1994-16,1994-06-23,group stage,Group E,0,ITA,Italy,NOR,Norway,1,0,0,0,0,0,H
1994,WC-1994,M-1994-17,1994-06-23,group stage,Group C,0,KOR,South Korea,BOL,Bolivia,0,0,0,0,0,0,D
1994,WC-1994,M-1994-18,1994-06-24,group stage,Group E,0,MEX,Mexico,IRL,Republic of Ireland,2,1,0,0,0,0,H
1994,WC-1994,M-1994-19,1994-06-24,group stage,Group B,0,BRA,Brazil,CMR,Cameroon,3,0,0,0,0,0,H
1994,WC-1994,M-1994-20,1994-06-24,group stage,Group B,0,SWE,Sweden,RUS,Russia,3,1,0,0,0,0,H
1994,WC-1994,M-1994-21,1994-06-25,group stage,Group F,0,BEL,Belgium,NLD,Netherlands,1,0,0,0,0,0,H
1994,WC-1994,M-1994-22,1994-06-25,group stage,Group F,0,SAU,Saudi Arabia,MAR,Morocco,2,1,0,0,0,0,H
1994,WC-1994,M-1994-23,1994-06-25,group stage,Group D,0,ARG,Argentina,NGA,Nigeria,2,1,0,0,0,0,H
1994,WC-1994,M-1994-24,1994-06-26,group stage,Group D,0,BGR,Bulgaria,GRC,Greece,4,0,0,0,0,0,H
1994,WC-1994,M-1994-25,1994-06-26,group stage,Group A,0,CHE,Switzerland,COL,Colombia,0,2,0,0,0,0,A
1994,WC-1994,M-1994-26,1994-06-26,group stage,Group A,0,USA,United States,ROU,Romania,0,1,0,0,0,0,A
1994,WC-1994,M-1994-27,1994-06-27,group stage,Group C,0,BOL,Bolivia,ESP,Spain,1,3,0,0,0,0,A
1994,WC-1994,M-1994-28,1994-06-27,group stage,Group C,0,DEU,Germany,KOR,South Korea,3,2,0,0,0,0,H
1994,WC-1994,M-1994-29,1994-06-28,group stage,Group E,0,ITA,Italy,MEX,Mexico,1,1,0,0,0,0,D
1994,WC-1994,M-1994-30,1994-06-28,group stage,Group E,0,IRL,Republic of Ireland,NOR,Norway,0,0,0,0,0,0,D
1994,WC-1994,M-1994-31,1994-06-28,group stage,Group B,0,RUS,Russia,CMR,Cameroon,6,1,0,0,0,0,H
1994,WC-1994,M-1994-32,1994-06-28,group stage,Group B,0,BRA,Brazil,SWE,Sweden,1,1,0,0,0,0,D
1994,WC-1994,M-1994-33,1994-06-29,group stage,Group F,0,BEL,Belgium,SAU,Saudi Arabia,0,1,0,0,0,0,A
1994,WC-1994,M-1994-34,1994-06-29,group stage,Group F,0,MAR,Morocco,NLD,Netherlands,1,2,0,0,0,0,A
1994,WC-1994,M-1994-35,1994-06-30,group stage,Group D,0,ARG,Argentina,BGR,Bulgaria,0,2,0,0,0,0,A
1994,WC-1994,M-1994-36,1994-06-30,group stage,Group D,0,GRC,Greece,NGA,Nigeria,0,2,0,0,0,0,A
1994,WC-1994,M-1994-37,1994-07-02,round of 16,not applicable,1,DEU,Germany,BEL,Belgium,3,2,0,0,0,0,H
1994,WC-1994,M-1994-38,1994-07-02,round of 16,not applicable,1,ESP,Spain,CHE,Switzerland,3,0,0,0,0,0,H
1994,WC-1994,M-1994-39,1994-07-03,round of 16,not applicable,1,SAU,Saudi Arabia,SWE,Sweden,1,3,0,0,0,0,A
1994,WC-1994,M-1994-40,1994-07-03,round of 16,not applicable,1,ROU,Romania,ARG,Argentina,3,2,0,0,0,0,H
1994,WC-1994,M-1994-41,1994-07-04,round of 16,not applicable,1,NLD,Netherlands,IRL,Republic of Ireland,2,0,0,0,0,0,H
1994,WC-1994,M-1994-42,1994-07-04,round of 16,not applicable,1,BRA,Brazil,USA,United States,1,0,0,0,0,0,H
1994,WC-1994,M-1994-43,1994-07-05,round of 16,not applicable,1,NGA,Nigeria,ITA,Italy,1,2,1,0,0,0,A
1994,WC-1994,M-1994-44,1994-07-05,round of 16,not applicable,1,MEX,Mexico,BGR,Bulgaria,1,1,1,1,1,3,D
1994,WC-1994,M-1994-45,1994-07-09,quarter-finals,not applicable,1,ITA,Italy,ESP,Spain,2,1,0,0,0,0,H
1994,WC-1994,M-1994-46,1994-07-09,quarter-finals,not applicable,1,NLD,Netherlands,BRA,Brazil,2,3,0,0,0,0,A
1994,WC-1994,M-1994-47,1994-07-10,quarter-finals,not applicable,1,BGR,Bulgaria,DEU,Germany,2,1,0,0,0,0,H
1994,WC-1994,M-1994-48,1994-07-10,quarter-finals,not applicable,1,ROU,Romania,SWE,Sweden,2,2,1,1,4,5,D
1994,WC-1994,M-1994-49,1994-07-13,semi-finals,not applicable,1,BGR,Bulgaria,ITA,Italy,1,2,0,0,0,0,A
1994,WC-1994,M-1994-50,1994-07-13,semi-finals,not applicable,1,SWE,Sweden,BRA,Brazil,0,1,0,0,0,0,A
1994,WC-1994,M-1994-51,1994-07-16,third-place match,not applicable,1,SWE,Sweden,BGR,Bulgaria,4,0,0,0,0,0,H
1994,WC-1994,M-1994-52,1994-07-17,final,not applicable,1,BRA,Brazil,ITA,Italy,0,0,1,1,3,2,D
1998,WC-1998,M-1998-01,1998-06-10,group stage,Group A,0,BRA,Brazil,SCO,Scotland,2,1,0,0,0,0,H
1998,WC-1998,M-1998-02,1998-06-10,group stage,Group A,0,MAR,Morocco,NOR,Norway,2,2,0,0,0,0,D
1998,WC-1998,M-1998-03,1998-06-11,group stage,Group B,0,ITA,Italy,CHL,Chile,2,2,0,0,0,0,D
1998,WC-1998,M-1998-04,1998-06-11,group stage,Group B,0,CMR,Cameroon,AUT,Austria,1,1,0,0,0,0,D
1998,WC-1998,M-1998-05,1998-06-12,group stage,Group D,0,PRY,Paraguay,BGR,Bulgaria,0,0,0,0,0,0,D
1998,WC-1998,M-1998-06,1998-06-12,group stage,Group C,0,SAU,Saudi Arabia,DNK,Denmark,0,1,0,0,0,0,A
1998,WC-1998,M-1998-07,1998-06-12,group stage,Group C,0,FRA,France,ZAF,South Africa,3,0,0,0,0,0,H
1998,WC-1998,M-1998-08,1998-06-13,group stage,Group D,0,ESP,Spain,NGA,Nigeria,2,3,0,0,0,0,A
1998,WC-1998,M-1998-09,1998-06-13,group stage,Group E,0,KOR,South Korea,MEX,Mexico,1,3,0,0,0,0,A
1998,WC-1998,M-1998-10,1998-06-13,group stage,Group E,0,NLD,Netherlands,BEL,Belgium,0,0,0,0,0,0,D
1998,WC-1998,M-1998-11,1998-06-14,group stage,Group H,0,ARG,Argentina,JPN,Japan,1,0,0,0,0,0,H
1998,WC-1998,M-1998-12,1998-06-14,group stage,Group F,0,YUG,Yugoslavia,IRN,Iran,1,0,0,0,0,0,H
1998,WC-1998,M-1998-13,1998-06-14,group stage,Group H,0,JAM,Jamaica,HRV,Croatia,1,3,0,0,0,0,A
1998,WC-1998,M-1998-14,1998-06-15,group stage,Group G,0,ENG,England,TUN,Tunisia,2,0,0,0,0,0,H
1998,WC-1998,M-1998-15,1998-06-15,group stage,Group G,0,ROU,Romania,COL,Colombia,1,0,0,0,0,0,H
1998,WC-1998,M-1998-16,1998-06-15,group stage,Group F,0,DEU,Germany,USA,United States,2,0,0,0,0,0,H
1998,WC-1998,M-1998-17,1998-06-16,group stage,Group A,0,SCO,Scotland,NOR,Norway,1,1,0,0,0,0,D
1998,WC-1998,M-1998-18,1998-06-16,group stage,Group A,0,BRA,Brazil,MAR,Morocco,3,0,0,0,0,0,H
1998,WC-1998,M-1998-19,1998-06-17,group stage,Group B,0,CHL,Chile,AUT,Austria,1,1,0,0,0,0,D
1998,WC-1998,M-1998-20,1998-06-17,group stage,Group B,0,ITA,Italy,CMR,Cameroon,3,0,0,0,0,0,H
1998,WC-1998,M-1998-21,1998-06-18,group stage,Group C,0,ZAF,South Africa,DNK,Denmark,1,1,0,0,0,0,D
1998,WC-1998,M-1998-22,1998-06-18,group stage,Group C,0,FRA,France,SAU,Saudi Arabia,4,0,0,0,0,0,H
1998,WC-1998,M-1998-23,1998-06-19,group stage,Group D,0,NGA,Nigeria,BGR,Bulgaria,1,0,0,0,0,0,H
1998,WC-1998,M-1998-24,1998-06-19,group stage,Group D,0,ESP,Spain,PRY,Paraguay,0,0,0,0,0,0,D
1998,WC-1998,M-1998-25,1998-06-20,group stage,Group H,0,JPN,Japan,HRV,Croatia,0,1,0,0,0,0,A
1998,WC-1998,M-1998-26,1998-06-20,group stage,Group E,0,BEL,Belgium,MEX,Mexico,2,2,0,0,0,0,D
1998,WC-1998,M-1998-27,1998-06-20,group stage,Group E,0,NLD,Netherlands,KOR,South Korea,5,0,0,0,0,0,H
1998,WC-1998,M-1998-28,1998-06-21,group stage,Group F,0,DEU,Germany,YUG,Yugoslavia,2,2,0,0,0,0,D
1998,WC-1998,M-1998-29,1998-06-21,group stage,Group H,0,ARG,Argentina,JAM,Jamaica,5,0,0,0,0,0,H
1998,WC-1998,M-1998-30,1998-06-21,group stage,Group F,0,USA,United States,IRN,Iran,1,2,0,0,0,0,A
1998,WC-1998,M-1998-31,1998-06-22,group stage,Group G,0,COL,Colombia,TUN,Tunisia,1,0,0,0,0,0,H
1998,WC-1998,M-1998-32,1998-06-22,group stage,Group G,0,ROU,Romania,ENG,England,2,1,0,0,0,0,H
1998,WC-1998,M-1998-33,1998-06-23,group stage,Group B,0,CHL,Chile,CMR,Cameroon,1,1,0,0,0,0,D
1998,WC-1998,M-1998-34,1998-06-23,group stage,Group B,0,ITA,Italy,AUT,Austria,2,1,0,0,0,0,H
1998,WC-1998,M-1998-35,1998-06-23,group stage,Group A,0,BRA,Brazil,NOR,Norway,1,2,0,0,0,0,A
1998,WC-1998,M-1998-36,1998-06-23,group stage,Group A,0,SCO,Scotland,MAR,Morocco,0,3,0,0,0,0,A
1998,WC-1998,M-1998-37,1998-06-24,group stage,Group C,0,FRA,France,DNK,Denmark,2,1,0,0,0,0,H
1998,WC-1998,M-1998-38,1998-06-24,group stage,Group C,0,ZAF,South Africa,SAU,Saudi Arabia,2,2,0,0,0,0,D
1998,WC-1998,M-1998-39,1998-06-24,group stage,Group D,0,NGA,Nigeria,PRY,Paraguay,1,3,0,0,0,0,A
1998,WC-1998,M-1998-40,1998-06-24,group stage,Group D,0,ESP,Spain,BGR,Bulgaria,6,1,0,0,0,0,H
1998,WC-1998,M-1998-41,1998-06-25,group stage,Group E,0,BEL,Belgium,KOR,South Korea,1,1,0,0,0,0,D
1998,WC-1998,M-1998-42,1998-06-25,group stage,Group E,0,NLD,Netherlands,MEX,Mexico,2,2,0,0,0,0,D
1998,WC-1998,M-1998-43,1998-06-25,group stage,Group F,0,DEU,Germany,IRN,Iran,2,0,0,0,0,0,H
1998,WC-1998,M-1998-44,1998-06-25,group stage,Group F,0,USA,United States,YUG,Yugoslavia,0,1,0,0,0,0,A
1998,WC-1998,M-1998-45,1998-06-26,group stage,Group H,0,ARG,Argentina,HRV,Croatia,1,0,0,0,0,0,H
1998,WC-1998,M-1998-46,1998-06-26,group stage,Group H,0,JPN,Japan,JAM,Jamaica,1,2,0,0,0,0,A
1998,WC-1998,M-1998-47,1998-06-26,group stage,Group G,0,COL,Colombia,ENG,England,0,2,0,0,0,0,A
1998,WC-1998,M-1998-48,1998-06-26,group stage,Group G,0,ROU,Romania,TUN,Tunisia,1,1,0,0,0,0,D
1998,WC-1998,M-1998-49,1998-06-27,round of 16,not applicable,1,ITA,Italy,NOR,Norway,1,0,0,0,0,0,H
1998,WC-1998,M-1998-50,1998-06-27,round of 16,not applicable,1,BRA,Brazil,CHL,Chile,4,1,0,0,0,0,H
1998,WC-1998,M-1998-51,1998-06-28,round of 16,not applicable,1,FRA,France,PRY,Paraguay,1,0,1,0,0,0,H
1998,WC-1998,M-1998-52,1998-06-28,round of 16,not applicable,1,NGA,Nigeria,DNK,Denmark,1,4,0,0,0,0,A
1998,WC-1998,M-1998-53,1998-06-29,round of 16,not applicable,1,DEU,Germany,MEX,Mexico,2,1,0,0,0,0,H
1998,WC-1998,M-1998-54,1998-06-29,round of 16,not applicable,1,NLD,Netherlands,YUG,Yugoslavia,2,1,0,0,0,0,H
1998,WC-1998,M-1998-55,1998-06-30,round of 16,not applicable,1,ROU,Romania,HRV,Croatia,0,1,0,0,0,0,A
1998,WC-1998,M-1998-56,1998-06-30,round of 16,not applicable,1,ARG,Argentina,ENG,England,2,2,1,1,4,3,D
1998,WC-1998,M-1998-57,1998-07-03,quarter-finals,not applicable,1,ITA,Italy,FRA,France,0,0,1,1,3,4,D
1998,WC-1998,M-1998-58,1998-07-03,quarter-finals,not applicable,1,BRA,Brazil,DNK,Denmark,3,2,0,0,0,0,H
1998,WC-1998,M-1998-59,1998-07-04,quarter-finals,not applicable,1,NLD,Netherlands,ARG,Argentina,2,1,0,0,0,0,H
1998,WC-1998,M-1998-60,1998-07-04,quarter-finals,not applicable,1,DEU,Germany,HRV,Croatia,0,3,0,0,0,0,A
1998,WC-1998,M-1998-61,1998-07-07,semi-finals,not applicable,1,BRA,Brazil,NLD,Netherlands,1,1,1,1,4,2,D
1998,WC-1998,M-1998-62,1998-07-08,semi-finals,not applicable,1,FRA,France,HRV,Croatia,2,1,0,0,0,0,H
1998,WC-1998,M-1998-63,1998-07-11,third-place match,not applicable,1,NLD,Netherlands,HRV,Croatia,1,2,0,0,0,0,A
1998,WC-1998,M-1998-64,1998-07-12,final,not applicable,1,BRA,Brazil,FRA,France,0,3,0,0,0,0,A
2002,WC-2002,M-2002-01,2002-05-31,group stage,Group A,0,FRA,France,SEN,Senegal,0,1,0,0,0,0,A
2002,WC-2002,M-2002-02,2002-06-01,group stage,Group E,0,IRL,Republic of Ireland,CMR,Cameroon,1,1,0,0,0,0,D
2002,WC-2002,M-2002-03,2002-06-01,group stage,Group A,0,URY,Uruguay,DNK,Denmark,1,2,0,0,0,0,A
2002,WC-2002,M-2002-04,2002-06-01,group stage,Group E,0,DEU,Germany,SAU,Saudi Arabia,8,0,0,0,0,0,H
2002,WC-2002,M-2002-05,2002-06-02,group stage,Group F,0,ARG,Argentina,NGA,Nigeria,1,0,0,0,0,0,H
2002,WC-2002,M-2002-06,2002-06-02,group stage,Group B,0,PRY,Paraguay,ZAF,South Africa,2,2,0,0,0,0,D
2002,WC-2002,M-2002-07,2002-06-02,group stage,Group F,0,ENG,England,SWE,Sweden,1,1,0,0,0,0,D
2002,WC-2002,M-2002-08,2002-06-02,group stage,Group B,0,ESP,Spain,SVN,Slovenia,3,1,0,0,0,0,H
2002,WC-2002,M-2002-09,2002-06-03,group stage,Group G,0,HRV,Croatia,MEX,Mexico,0,1,0,0,0,0,A
2002,WC-2002,M-2002-10,2002-06-03,group stage,Group C,0,BRA,Brazil,TUR,Turkey,2,1,0,0,0,0,H
2002,WC-2002,M-2002-11,2002-06-03,group stage,Group G,0,ITA,Italy,ECU,Ecuador,2,0,0,0,0,0,H
2002,WC-2002,M-2002-12,2002-06-04,group stage,Group C,0,CHN,China,CRI,Costa Rica,0,2,0,0,0,0,A
2002,WC-2002,M-2002-13,2002-06-04,group stage,Group H,0,JPN,Japan,BEL,Belgium,2,2,0,0,0,0,D
2002,WC-2002,M-2002-14,2002-06-04,group stage,Group D,0,KOR,South Korea,POL,Poland,2,0,0,0,0,0,H
2002,WC-2002,M-2002-15,2002-06-05,group stage,Group H,0,RUS,Russia,TUN,Tunisia,2,0,0,0,0,0,H
2002,WC-2002,M-2002-16,2002-06-05,group stage,Group D,0,USA,United States,PRT,Portugal,3,2,0,0,0,0,H
2002,WC-2002,M-2002-17,2002-06-05,group stage,Group E,0,DEU,Germany,IRL,Republic of Ireland,1,1,0,0,0,0,D
2002,WC-2002,M-2002-18,2002-06-06,group stage,Group A,0,DNK,Denmark,SEN,Senegal,1,1,0,0,0,0,D
2002,WC-2002,M-2002-19,2002-06-06,group stage,Group E,0,CMR,Cameroon,SAU,Saudi Arabia,1,0,0,0,0,0,H
2002,WC-2002,M-2002-20,2002-06-06,group stage,Group A,0,FRA,France,URY,Uruguay,0,0,0,0,0,0,D
2002,WC-2002,M-2002-21,2002-06-07,group stage,Group F,0,SWE,Sweden,NGA,Nigeria,2,1,0,0,0,0,H
2002,WC-2002,M-2002-22,2002-06-07,group stage,Group B,0,ESP,Spain,PRY,Paraguay,3,1,0,0,0,0,H
2002,WC-2002,M-2002-23,2002-06-07,group stage,Group F,0,ARG,Argentina,ENG,England,0,1,0,0,0,0,A
2002,WC-2002,M-2002-24,2002-06-08,group stage,Group B,0,ZAF,South Africa,SVN,Slovenia,1,0,0,0,0,0,H
2002,WC-2002,M-2002-25,2002-06-08,group stage,Group G,0,ITA,Italy,HRV,Croatia,1,2,0,0,0,0,A
2002,WC-2002,M-2002-26,2002-06-08,group stage,Group C,0,BRA,Brazil,CHN,China,4,0,0,0,0,0,H
2002,WC-2002,M-2002-27,2002-06-09,group stage,Group G,0,MEX,Mexico,ECU,Ecuador,2,1,0,0,0,0,H
2002,WC-2002,M-2002-28,2002-06-09,group stage,Group C,0,CRI,Costa Rica,TUR,Turkey,1,1,0,0,0,0,D
2002,WC-2002,M-2002-29,2002-06-09,group stage,Group H,0,JPN,Japan,RUS,Russia,1,0,0,0,0,0,H
2002,WC-2002,M-2002-30,2002-06-10,group stage,Group D,0,KOR,South Korea,USA,United States,1,1,0,0,0,0,D
2002,WC-2002,M-2002-31,2002-06-10,group stage,Group H,0,TUN,Tunisia,BEL,Belgium,1,1,0,0,0,0,D
2002,WC-2002,M-2002-32,2002-06-10,group stage,Group D,0,PRT,Portugal,POL,Poland,4,0,0,0,0,0,H
2002,WC-2002,M-2002-33,2002-06-11,group stage,Group A,0,DNK,Denmark,FRA,France,2,0,0,0,0,0,H
2002,WC-2002,M-2002-34,2002-06-11,group stage,Group A,0,SEN,Senegal,URY,Uruguay,3,3,0,0,0,0,D
2002,WC-2002,M-2002-35,2002-06-11,group stage,Group E,0,CMR,Cameroon,DEU,Germany,0,2,0,0,0,0,A
2002,WC-2002,M-2002-36,2002-06-11,group stage,Group E,0,SAU,Saudi Arabia,IRL,Republic of Ireland,0,3,0,0,0,0,A
2002,WC-2002,M-2002-37,2002-06-12,group stage,Group F,0,NGA,Nigeria,ENG,England,0,0,0,0,0,0,D
2002,WC-2002,M-2002-38,2002-06-12,group stage,Group F,0,SWE,Sweden,ARG,Argentina,1,1,0,0,0,0,D
2002,WC-2002,M-2002-39,2002-06-12,group stage,Group B,0,SVN,Slovenia,PRY,Paraguay,1,3,0,0,0,0,A
2002,WC-2002,M-2002-40,2002-06-12,group stage,Group B,0,ZAF,South Africa,ESP,Spain,2,3,0,0,0,0,A
2002,WC-2002,M-2002-41,2002-06-13,group stage,Group C,0,CRI,Costa Rica,BRA,Brazil,2,5,0,0,0,0,A
2002,WC-2002,M-2002-42,2002-06-13,group stage,Group C,0,TUR,Turkey,CHN,China,3,0,0,0,0,0,H
2002,WC-2002,M-2002-43,2002-06-13,group stage,Group G,0,ECU,Ecuador,HRV,Croatia,1,0,0,0,0,0,H
2002,WC-2002,M-2002-44,2002-06-13,group stage,Group G,0,MEX,Mexico,ITA,Italy,1,1,0,0,0,0,D
2002,WC-2002,M-2002-45,2002-06-14,group stage,Group H,0,BEL,Belgium,RUS,Russia,3,2,0,0,0,0,H
2002,WC-2002,M-2002-46,2002-06-14,group stage,Group H,0,TUN,Tunisia,JPN,Japan,0,2,0,0,0,0,A
2002,WC-2002,M-2002-47,2002-06-14,group stage,Group D,0,POL,Poland,USA,United States,3,1,0,0,0,0,H
2002,WC-2002,M-2002-48,2002-06-14,group stage,Group D,0,PRT,Portugal,KOR,South Korea,0,1,0,0,0,0,A
2002,WC-2002,M-2002-49,2002-06-15,round of 16,not applicable,1,DEU,Germany,PRY,Paraguay,1,0,0,0,0,0,H
2002,WC-2002,M-2002-50,2002-06-15,round of 16,not applicable,1,DNK,Denmark,ENG,England,0,3,0,0,0,0,A
2002,WC-2002,M-2002-51,2002-06-16,round of 16,not applicable,1,SWE,Sweden,SEN,Senegal,1,2,1,0,0,0,A
2002,WC-2002,M-2002-52,2002-06-16,round of 16,not applicable,1,ESP,Spain,IRL,Republic of Ireland,1,1,1,1,3,2,D
2002,WC-2002,M-2002-53,2002-06-17,round of 16,not applicable,1,MEX,Mexico,USA,United States,0,2,0,0,0,0,A
2002,WC-2002,M-2002-54,2002-06-17,round of 16,not applicable,1,BRA,Brazil,BEL,Belgium,2,0,0,0,0,0,H
2002,WC-2002,M-2002-55,2002-06-18,round of 16,not applicable,1,JPN,Japan,TUR,Turkey,0,1,0,0,0,0,A
2002,WC-2002,M-2002-56,2002-06-18,round of 16,not applicable,1,KOR,South Korea,ITA,Italy,2,1,1,0,0,0,H
2002,WC-2002,M-2002-57,2002-06-21,quarter-finals,not applicable,1,ENG,England,BRA,Brazil,1,2,0,0,0,0,A
2002,WC-2002,M-2002-58,2002-06-21,quarter-finals,not applicable,1,DEU,Germany,USA,United States,1,0,0,0,0,0,H
2002,WC-2002,M-2002-59,2002-06-22,quarter-finals,not applicable,1,ESP,Spain,KOR,South Korea,0,0,1,1,3,5,D
2002,WC-2002,M-2002-60,2002-06-22,quarter-finals,not applicable,1,SEN,Senegal,TUR,Turkey,0,1,1,0,0,0,A
2002,WC-2002,M-2002-61,2002-06-25,semi-finals,not applicable,1,DEU,Germany,KOR,South Korea,1,0,0,0,0,0,H
2002,WC-2002,M-2002-62,2002-06-26,semi-finals,not applicable,1,BRA,Brazil,TUR,Turkey,1,0,0,0,0,0,H
2002,WC-2002,M-2002-63,2002-06-29,third-place match,not applicable,1,KOR,South Korea,TUR,Turkey,2,3,0,0,0,0,A
2002,WC-2002,M-2002-64,2002-06-30,final,not applicable,1,DEU,Germany,BRA,Brazil,0,2,0,0,0,0,A
2006,WC-2006,M-2006-01,2006-06-09,group stage,Group A,0,DEU,Germany,CRI,Costa Rica,4,2,0,0,0,0,H
2006,WC-2006,M-2006-02,2006-06-09,group stage,Group A,0,POL,Poland,ECU,Ecuador,0,2,0,0,0,0,A
2006,WC-2006,M-2006-03,2006-06-10,group stage,Group B,0,ENG,England,PRY,Paraguay,1,0,0,0,0,0,H
2006,WC-2006,M-2006-04,2006-06-10,group stage,Group B,0,TTO,Trinidad and Tobago,SWE,Sweden,0,0,0,0,0,0,D
2006,WC-2006,M-2006-05,2006-06-10,group stage,Group C,0,ARG,Argentina,CIV,Ivory Coast,2,1,0,0,0,0,H
2006,WC-2006,M-2006-06,2006-06-11,group stage,Group C,0,SCG,Serbia and Montenegro,NLD,Netherlands,0,1,0,0,0,0,A
2006,WC-2006,M-2006-07,2006-06-11,group stage,Group D,0,MEX,Mexico,IRN,Iran,3,1,0,0,0,0,H
2006,WC-2006,M-2006-08,2006-06-11,group stage,Group D,0,AGO,Angola,PRT,Portugal,0,1,0,0,0,0,A
2006,WC-2006,M-2006-09,2006-06-12,group stage,Group F,0,AUS,Australia,JPN,Japan,3,1,0,0,0,0,H
2006,WC-2006,M-2006-10,2006-06-12,group stage,Group E,0,USA,United States,CZE,Czech Republic,0,3,0,0,0,0,A
2006,WC-2006,M-2006-11,2006-06-12,group stage,Group E,0,ITA,Italy,GHA,Ghana,2,0,0,0,0,0,H
2006,WC-2006,M-2006-12,2006-06-13,group stage,Group G,0,KOR,South Korea,TGO,Togo,2,1,0,0,0,0,H
2006,WC-2006,M-2006-13,2006-06-13,group stage,Group G,0,FRA,France,CHE,Switzerland,0,0,0,0,0,0,D
2006,WC-2006,M-2006-14,2006-06-13,group stage,Group F,0,BRA,Brazil,HRV,Croatia,1,0,0,0,0,0,H
2006,WC-2006,M-2006-15,2006-06-14,group stage,Group H,0,ESP,Spain,UKR,Ukraine,4,0,0,0,0,0,H
2006,WC-2006,M-2006-16,2006-06-14,group stage,Group H,0,TUN,Tunisia,SAU,Saudi Arabia,2,2,0,0,0,0,D
2006,WC-2006,M-2006-17,2006-06-14,group stage,Group A,0,DEU,Germany,POL,Poland,1,0,0,0,0,0,H
2006,WC-2006,M-2006-18,2006-06-15,group stage,Group A,0,ECU,Ecuador,CRI,Costa Rica,3,0,0,0,0,0,H
2006,WC-2006,M-2006-19,2006-06-15,group stage,Group B,0,ENG,England,TTO,Trinidad and Tobago,2,0,0,0,0,0,H
2006,WC-2006,M-2006-20,2006-06-15,group stage,Group B,0,SWE,Sweden,PRY,Paraguay,1,0,0,0,0,0,H
2006,WC-2006,M-2006-21,2006-06-16,group stage,Group C,0,ARG,Argentina,SCG,Serbia and Montenegro,6,0,0,0,0,0,H
2006,WC-2006,M-2006-22,2006-06-16,group stage,Group C,0,NLD,Netherlands,CIV,Ivory Coast,2,1,0,0,0,0,H
2006,WC-2006,M-2006-23,2006-06-16,group stage,Group D,0,MEX,Mexico,AGO,Angola,0,0,0,0,0,0,D
2006,WC-2006,M-2006-24,2006-06-17,group stage,Group D,0,PRT,Portugal,IRN,Iran,2,0,0,0,0,0,H
2006,WC-2006,M-2006-25,2006-06-17,group stage,Group E,0,CZE,Czech Republic,GHA,Ghana,0,2,0,0,0,0,A
2006,WC-2006,M-2006-26,2006-06-17,group stage,Group E,0,ITA,Italy,USA,United States,1,1,0,0,0,0,D
2006,WC-2006,M-2006-27,2006-06-18,group stage,Group F,0,JPN,Japan,HRV,Croatia,0,0,0,0,0,0,D
2006,WC-2006,M-2006-28,2006-06-18,group stage,Group F,0,BRA,Brazil,AUS,Australia,2,0,0,0,0,0,H
2006,WC-2006,M-2006-29,2006-06-18,group stage,Group G,0,FRA,France,KOR,South Korea,1,1,0,0,0,0,D
2006,WC-2006,M-2006-30,2006-06-19,group stage,Group G,0,TGO,Togo,CHE,Switzerland,0,2,0,0,0,0,A
2006,WC-2006,M-2006-31,2006-06-19,group stage,Group H,0,SAU,Saudi Arabia,UKR,Ukraine,0,4,0,0,0,0,A
2006,WC-2006,M-2006-32,2006-06-19,group stage,Group H,0,ESP,Spain,TUN,Tunisia,3,1,0,0,0,0,H
2006,WC-2006,M-2006-33,2006-06-20,group stage,Group A,0,CRI,Costa Rica,POL,Poland,1,2,0,0,0,0,A
2006,WC-2006,M-2006-34,2006-06-20,group stage,Group A,0,ECU,Ecuador,DEU,Germany,0,3,0,0,0,0,A
2006,WC-2006,M-2006-35,2006-06-20,group stage,Group B,0,PRY,Paraguay,TTO,Trinidad and Tobago,2,0,0,0,0,0,H
2006,WC-2006,M-2006-36,2006-06-20,group stage,Group B,0,SWE,Sweden,ENG,England,2,2,0,0,0,0,D
2006,WC-2006,M-2006-37,2006-06-21,group stage,Group D,0,IRN,Iran,AGO,Angola,1,1,0,0,0,0,D
2006,WC-2006,M-2006-38,2006-06-21,group stage,Group D,0,PRT,Portugal,MEX,Mexico,2,1,0,0,0,0,H
2006,WC-2006,M-2006-39,2006-06-21,group stage,Group C,0,CIV,Ivory Coast,SCG,Serbia and Montenegro,3,2,0,0,0,0,H
2006,WC-2006,M-2006-40,2006-06-21,group stage,Group C,0,NLD,Netherlands,ARG,Argentina,0,0,0,0,0,0,D
2006,WC-2006,M-2006-41,2006-06-22,group stage,Group E,0,CZE,Czech Republic,ITA,Italy,0,2,0,0,0,0,A
2006,WC-2006,M-2006-42,2006-06-22,group stage,Group E,0,GHA,Ghana,USA,United States,2,1,0,0,0,0,H
2006,WC-2006,M-2006-43,2006-06-22,group stage,Group F,0,HRV,Croatia,AUS,Australia,2,2,0,0,0,0,D
2006,WC-2006,M-2006-44,2006-06-22,group stage,Group F,0,JPN,Japan,BRA,Brazil,1,4,0,0,0,0,A
2006,WC-2006,M-2006-45,2006-06-23,group stage,Group H,0,SAU,Saudi Arabia,ESP,Spain,0,1,0,0,0,0,A
2006,WC-2006,M-2006-46,2006-06-23,group stage,Group H,0,UKR,Ukraine,TUN,Tunisia,1,0,0,0,0,0,H
2006,WC-2006,M-2006-47,2006-06-23,group stage,Group G,0,CHE,Switzerland,KOR,South Korea,2,0,0,0,0,0,H
2006,WC-2006,M-2006-48,2006-06-23,group stage,Group G,0,TGO,Togo,FRA,France,0,2,0,0,0,0,A
2006,WC-2006,M-2006-49,2006-06-24,round of 16,not applicable,1,DEU,Germany,SWE,Sweden,2,0,0,0,0,0,H
2006,WC-2006,M-2006-50,2006-06-24,round of 16,not applicable,1,ARG,Argentina,MEX,Mexico,2,1,1,0,0,0,H
2006,WC-2006,M-2006-51,2006-06-25,round of 16,not applicable,1,ENG,England,ECU,Ecuador,1,0,0,0,0,0,H
2006,WC-2006,M-2006-52,2006-06-25,round of 16,not applicable,1,PRT,Portugal,NLD,Netherlands,1,0,0,0,0,0,H
2006,WC-2006,M-2006-53,2006-06-26,round of 16,not applicable,1,ITA,Italy,AUS,Australia,1,0,0,0,0,0,H
2006,WC-2006,M-2006-54,2006-06-26,round of 16,not applicable,1,CHE,Switzerland,UKR,Ukraine,0,0,1,1,0,3,D
2006,WC-2006,M-2006-55,2006-06-27,round of 16,not applicable,1,BRA,Brazil,GHA,Ghana,3,0,0,0,0,0,H
2006,WC-2006,M-2006-56,2006-06-27,round of 16,not applicable,1,ESP,Spain,FRA,France,1,3,0,0,0,0,A
2006,WC-2006,M-2006-57,2006-06-30,quarter-finals,not applicable,1,DEU,Germany,ARG,Argentina,1,1,1,1,4,2,D
2006,WC-2006,M-2006-58,2006-06-30,quarter-finals,not applicable,1,ITA,Italy,UKR,Ukraine,3,0,0,0,0,0,H
2006,WC-2006,M-2006-59,2006-07-01,quarter-finals,not applicable,1,ENG,England,PRT,Portugal,0,0,1,1,1,3,D
2006,WC-2006,M-2006-60,2006-07-01,quarter-finals,not applicable,1,BRA,Brazil,FRA,France,0,1,0,0,0,0,A
2006,WC-2006,M-2006-61,2006-07-04,semi-finals,not applicable,1,DEU,Germany,ITA,Italy,0,2,1,0,0,0,A
2006,WC-2006,M-2006-62,2006-07-05,semi-finals,not applicable,1,PRT,Portugal,FRA,France,0,1,0,0,0,0,A
2006,WC-2006,M-2006-63,2006-07-08,third-place match,not applicable,1,DEU,Germany,PRT,Portugal,3,1,0,0,0,0,H
2006,WC-2006,M-2006-64,2006-07-09,final,not applicable,1,ITA,Italy,FRA,France,1,1,1,1,5,3,D
2010,WC-2010,M-2010-01,2010-06-11,group stage,Group A,0,ZAF,South Africa,MEX,Mexico,1,1,0,0,0,0,D
2010,WC-2010,M-2010-02,2010-06-11,group stage,Group A,0,URY,Uruguay,FRA,France,0,0,0,0,0,0,D
2010,WC-2010,M-2010-03,2010-06-12,group stage,Group B,0,KOR,South Korea,GRC,Greece,2,0,0,0,0,0,H
2010,WC-2010,M-2010-04,2010-06-12,group stage,Group B,0,ARG,Argentina,NGA,Nigeria,1,0,0,0,0,0,H
2010,WC-2010,M-2010-05,2010-06-12,group stage,Group C,0,ENG,England,USA,United States,1,1,0,0,0,0,D
2010,WC-2010,M-2010-06,2010-06-13,group stage,Group C,0,DZA,Algeria,SVN,Slovenia,0,1,0,0,0,0,A
2010,WC-2010,M-2010-07,2010-06-13,group stage,Group D,0,SRB,Serbia,GHA,Ghana,0,1,0,0,0,0,A
2010,WC-2010,M-2010-08,2010-06-13,group stage,Group D,0,DEU,Germany,AUS,Australia,4,0,0,0,0,0,H
2010,WC-2010,M-2010-09,2010-06-14,group stage,Group E,0,NLD,Netherlands,DNK,Denmark,2,0,0,0,0,0,H
2010,WC-2010,M-2010-10,2010-06-14,group stage,Group E,0,JPN,Japan,CMR,Cameroon,1,0,0,0,0,0,H
2010,WC-2010,M-2010-11,2010-06-14,group stage,Group F,0,ITA,Italy,PRY,Paraguay,1,1,0,0,0,0,D
2010,WC-2010,M-2010-12,2010-06-15,group stage,Group F,0,NZL,New Zealand,SVK,Slovakia,1,1,0,0,0,0,D
2010,WC-2010,M-2010-13,2010-06-15,group stage,Group G,0,CIV,Ivory Coast,PRT,Portugal,0,0,0,0,0,0,D
2010,WC-2010,M-2010-14,2010-06-15,group stage,Group G,0,BRA,Brazil,PRK,North Korea,2,1,0,0,0,0,H
2010,WC-2010,M-2010-15,2010-06-16,group stage,Group H,0,HND,Honduras,CHL,Chile,0,1,0,0,0,0,A
2010,WC-2010,M-2010-16,2010-06-16,group stage,Group H,0,ESP,Spain,CHE,Switzerland,0,1,0,0,0,0,A
2010,WC-2010,M-2010-17,2010-06-16,group stage,Group A,0,ZAF,South Africa,URY,Uruguay,0,3,0,0,0,0,A
2010,WC-2010,M-2010-18,2010-06-17,group stage,Group B,0,ARG,Argentina,KOR,South Korea,4,1,0,0,0,0,H
2010,WC-2010,M-2010-19,2010-06-17,group stage,Group B,0,GRC,Greece,NGA,Nigeria,2,1,0,0,0,0,H
2010,WC-2010,M-2010-20,2010-06-17,group stage,Group A,0,FRA,France,MEX,Mexico,0,2,0,0,0,0,A
2010,WC-2010,M-2010-21,2010-06-18,group stage,Group D,0,DEU,Germany,SRB,Serbia,0,1,0,0,0,0,A
2010,WC-2010,M-2010-22,2010-06-18,group stage,Group C,0,SVN,Slovenia,USA,United States,2,2,0,0,0,0,D
2010,WC-2010,M-2010-23,2010-06-18,group stage,Group C,0,ENG,England,DZA,Algeria,0,0,0,0,0,0,D
2010,WC-2010,M-2010-24,2010-06-19,group stage,Group E,0,NLD,Netherlands,JPN,Japan,1,0,0,0,0,0,H
2010,WC-2010,M-2010-25,2010-06-19,group stage,Group D,0,GHA,Ghana,AUS,Australia,1,1,0,0,0,0,D
2010,WC-2010,M-2010-26,2010-06-19,group stage,Group E,0,CMR,Cameroon,DNK,Denmark,1,2,0,0,0,0,A
2010,WC-2010,M-2010-27,2010-06-20,group stage,Group F,0,SVK,Slovakia,PRY,Paraguay,0,2,0,0,0,0,A
2010,WC-2010,M-2010-28,2010-06-20,group stage,Group F,0,ITA,Italy,NZL,New Zealand,1,1,0,0,0,0,D
2010,WC-2010,M-2010-29,2010-06-20,group stage,Group G,0,BRA,Brazil,CIV,Ivory Coast,3,1,0,0,0,0,H
2010,WC-2010,M-2010-30,2010-06-21,group stage,Group G,0,PRT,Portugal,PRK,North Korea,7,0,0,0,0,0,H
2010,WC-2010,M-2010-31,2010-06-21,group stage,Group H,0,CHL,Chile,CHE,Switzerland,1,0,0,0,0,0,H
2010,WC-2010,M-2010-32,2010-06-21,group stage,Group H,0,ESP,Spain,HND,Honduras,2,0,0,0,0,0,H
2010,WC-2010,M-2010-33,2010-06-22,group stage,Group A,0,FRA,France,ZAF,South Africa,1,2,0,0,0,0,A
2010,WC-2010,M-2010-34,2010-06-22,group stage,Group A,0,MEX,Mexico,URY,Uruguay,0,1,0,0,0,0,A
2010,WC-2010,M-2010-35,2010-06-22,group stage,Group B,0,GRC,Greece,ARG,Argentina,0,2,0,0,0,0,A
2010,WC-2010,M-2010-36,2010-06-22,group stage,Group B,0,NGA,Nigeria,KOR,South Korea,2,2,0,0,0,0,D
2010,WC-2010,M-2010-37,2010-06-23,group stage,Group C,0,SVN,Slovenia,ENG,England,0,1,0,0,0,0,A
2010,WC-2010,M-2010-38,2010-06-23,group stage,Group C,0,USA,United States,DZA,Algeria,1,0,0,0,0,0,H
2010,WC-2010,M-2010-39,2010-06-23,group stage,Group D,0,AUS,Australia,SRB,Serbia,2,1,0,0,0,0,H
2010,WC-2010,M-2010-40,2010-06-23,group stage,Group D,0,GHA,Ghana,DEU,Germany,0,1,0,0,0,0,A
2010,WC-2010,M-2010-41,2010-06-24,group stage,Group F,0,PRY,Paraguay,NZL,New Zealand,0,0,0,0,0,0,D
2010,WC-2010,M-2010-42,2010-06-24,group stage,Group F,0,SVK,Slovakia,ITA,Italy,3,2,0,0,0,0,H
2010,WC-2010,M-2010-43,2010-06-24,group stage,Group E,0,CMR,Cameroon,NLD,Netherlands,1,2,0,0,0,0,A
2010,WC-2010,M-2010-44,2010-06-24,group stage,Group E,0,DNK,Denmark,JPN,Japan,1,3,0,0,0,0,A
2010,WC-2010,M-2010-45,2010-06-25,group stage,Group G,0,PRK,North Korea,CIV,Ivory Coast,0,3,0,0,0,0,A
2010,WC-2010,M-2010-46,2010-06-25,group stage,Group G,0,PRT,Portugal,BRA,Brazil,0,0,0,0,0,0,D
2010,WC-2010,M-2010-47,2010-06-25,group stage,Group H,0,CHL,Chile,ESP,Spain,1,2,0,0,0,0,A
2010,WC-2010,M-2010-48,2010-06-25,group stage,Group H,0,CHE,Switzerland,HND,Honduras,0,0,0,0,0,0,D
2010,WC-2010,M-2010-49,2010-06-26,round of 16,not applicable,1,URY,Uruguay,KOR,South Korea,2,1,0,0,0,0,H
2010,WC-2010,M-2010-50,2010-06-26,round of 16,not applicable,1,USA,United States,GHA,Ghana,1,2,1,0,0,0,A
2010,WC-2010,M-2010-51,2010-06-27,round of 16,not applicable,1,DEU,Germany,ENG,England,4,1,0,0,0,0,H
2010,WC-2010,M-2010-52,2010-06-27,round of 16,not applicable,1,ARG,Argentina,MEX,Mexico,3,1,0,0,0,0,H
2010,WC-2010,M-2010-53,2010-06-28,round of 16,not applicable,1,NLD,Netherlands,SVK,Slovakia,2,1,0,0,0,0,H
2010,WC-2010,M-2010-54,2010-06-28,round of 16,not applicable,1,BRA,Brazil,CHL,Chile,3,0,0,0,0,0,H
2010,WC-2010,M-2010-55,2010-06-29,round of 16,not applicable,1,PRY,Paraguay,JPN,Japan,0,0,1,1,5,3,D
2010,WC-2010,M-2010-56,2010-06-29,round of 16,not applicable,1,ESP,Spain,PRT,Portugal,1,0,0,0,0,0,H
2010,WC-2010,M-2010-57,2010-07-02,quarter-finals,not applicable,1,NLD,Netherlands,BRA,Brazil,2,1,0,0,0,0,H
2010,WC-2010,M-2010-58,2010-07-02,quarter-finals,not applicable,1,URY,Uruguay,GHA,Ghana,1,1,1,1,4,2,D
2010,WC-2010,M-2010-59,2010-07-03,quarter-finals,not applicable,1,ARG,Argentina,DEU,Germany,0,4,0,0,0,0,A
2010,WC-2010,M-2010-60,2010-07-03,quarter-finals,not applicable,1,PRY,Paraguay,ESP,Spain,0,1,0,0,0,0,A
2010,WC-2010,M-2010-61,2010-07-06,semi-finals,not applicable,1,URY,Uruguay,NLD,Netherlands,2,3,0,0,0,0,A
2010,WC-2010,M-2010-62,2010-07-07,semi-finals,not applicable,1,DEU,Germany,ESP,Spain,0,1,0,0,0,0,A
2010,WC-2010,M-2010-63,2010-07-10,third-place match,not applicable,1,URY,Uruguay,DEU,Germany,2,3,0,0,0,0,A
2010,WC-2010,M-2010-64,2010-07-11,final,not applicable,1,NLD,Netherlands,ESP,Spain,0,1,1,0,0,0,A
2014,WC-2014,M-2014-01,2014-06-12,group stage,Group A,0,BRA,Brazil,HRV,Croatia,3,1,0,0,0,0,H
2014,WC-2014,M-2014-02,2014-06-13,group stage,Group A,0,MEX,Mexico,CMR,Cameroon,1,0,0,0,0,0,H
2014,WC-2014,M-2014-03,2014-06-13,group stage,Group B,0,ESP,Spain,NLD,Netherlands,1,5,0,0,0,0,A
2014,WC-2014,M-2014-04,2014-06-13,group stage,Group B,0,CHL,Chile,AUS,Australia,3,1,0,0,0,0,H
2014,WC-2014,M-2014-05,2014-06-14,group stage,Group C,0,COL,Colombia,GRC,Greece,3,0,0,0,0,0,H
2014,WC-2014,M-2014-06,2014-06-14,group stage,Group D,0,URY,Uruguay,CRI,Costa Rica,1,3,0,0,0,0,A
2014,WC-2014,M-2014-07,2014-06-14,group stage,Group D,0,ENG,England,ITA,Italy,1,2,0,0,0,0,A
2014,WC-2014,M-2014-08,2014-06-14,group stage,Group C,0,CIV,Ivory Coast,JPN,Japan,2,1,0,0,0,0,H
2014,WC-2014,M-2014-09,2014-06-15,group stage,Group E,0,CHE,Switzerland,ECU,Ecuador,2,1,0,0,0,0,H
2014,WC-2014,M-2014-10,2014-06-15,group stage,Group E,0,FRA,France,HND,Honduras,3,0,0,0,0,0,H
2014,WC-2014,M-2014-11,2014-06-15,group stage,Group F,0,ARG,Argentina,BIH,Bosnia and Herzegovina,2,1,0,0,0,0,H
2014,WC-2014,M-2014-12,2014-06-16,group stage,Group G,0,DEU,Germany,PRT,Portugal,4,0,0,0,0,0,H
2014,WC-2014,M-2014-13,2014-06-16,group stage,Group F,0,IRN,Iran,NGA,Nigeria,0,0,0,0,0,0,D
2014,WC-2014,M-2014-14,2014-06-16,group stage,Group G,0,GHA,Ghana,USA,United States,1,2,0,0,0,0,A
2014,WC-2014,M-2014-15,2014-06-17,group stage,Group H,0,BEL,Belgium,DZA,Algeria,2,1,0,0,0,0,H
2014,WC-2014,M-2014-16,2014-06-17,group stage,Group A,0,BRA,Brazil,MEX,Mexico,0,0,0,0,0,0,D
2014,WC-2014,M-2014-17,2014-06-17,group stage,Group H,0,RUS,Russia,KOR,South Korea,1,1,0,0,0,0,D
2014,WC-2014,M-2014-18,2014-06-18,group stage,Group B,0,AUS,Australia,NLD,Netherlands,2,3,0,0,0,0,A
2014,WC-2014,M-2014-19,2014-06-18,group stage,Group B,0,ESP,Spain,CHL,Chile,0,2,0,0,0,0,A
2014,WC-2014,M-2014-20,2014-06-18,group stage,Group A,0,CMR,Cameroon,HRV,Croatia,0,4,0,0,0,0,A
2014,WC-2014,M-2014-21,2014-06-19,group stage,Group C,0,COL,Colombia,CIV,Ivory Coast,2,1,0,0,0,0,H
2014,WC-2014,M-2014-22,2014-06-19,group stage,Group D,0,URY,Uruguay,ENG,England,2,1,0,0,0,0,H
2014,WC-2014,M-2014-23,2014-06-19,group stage,Group C,0,JPN,Japan,GRC,Greece,0,0,0,0,0,0,D
2014,WC-2014,M-2014-24,2014-06-20,group stage,Group D,0,ITA,Italy,CRI,Costa Rica,0,1,0,0,0,0,A
2014,WC-2014,M-2014-25,2014-06-20,group stage,Group E,0,CHE,Switzerland,FRA,France,2,5,0,0,0,0,A
2014,WC-2014,M-2014-26,2014-06-20,group stage,Group E,0,HND,Honduras,ECU,Ecuador,1,2,0,0,0,0,A
2014,WC-2014,M-2014-27,2014-06-21,group stage,Group F,0,ARG,Argentina,IRN,Iran,1,0,0,0,0,0,H
2014,WC-2014,M-2014-28,2014-06-21,group stage,Group G,0,DEU,Germany,GHA,Ghana,2,2,0,0,0,0,D
2014,WC-2014,M-2014-29,2014-06-21,group stage,Group F,0,NGA,Nigeria,BIH,Bosnia and Herzegovina,1,0,0,0,0,0,H
2014,WC-2014,M-2014-30,2014-06-22,group stage,Group H,0,BEL,Belgium,RUS,Russia,1,0,0,0,0,0,H
2014,WC-2014,M-2014-31,2014-06-22,group stage,Group H,0,KOR,South Korea,DZA,Algeria,2,4,0,0,0,0,A
2014,WC-2014,M-2014-32,2014-06-22,group stage,Group G,0,USA,United States,PRT,Portugal,2,2,0,0,0,0,D
2014,WC-2014,M-2014-33,2014-06-23,group stage,Group B,0,AUS,Australia,ESP,Spain,0,3,0,0,0,0,A
2014,WC-2014,M-2014-34,2014-06-23,group stage,Group B,0,NLD,Netherlands,CHL,Chile,2,0,0,0,0,0,H
2014,WC-2014,M-2014-35,2014-06-23,group stage,Group A,0,CMR,Cameroon,BRA,Brazil,1,4,0,0,0,0,A
2014,WC-2014,M-2014-36,2014-06-23,group stage,Group A,0,HRV,Croatia,MEX,Mexico,1,3,0,0,0,0,A
2014,WC-2014,M-2014-37,2014-06-24,group stage,Group D,0,CRI,Costa Rica,ENG,England,0,0,0,0,0,0,D
2014,WC-2014,M-2014-38,2014-06-24,group stage,Group D,0,ITA,Italy,URY,Uruguay,0,1,0,0,0,0,A
2014,WC-2014,M-2014-39,2014-06-24,group stage,Group C,0,JPN,Japan,COL,Colombia,1,4,0,0,0,0,A
2014,WC-2014,M-2014-40,2014-06-24,group stage,Group C,0,GRC,Greece,CIV,Ivory Coast,2,1,0,0,0,0,H
2014,WC-2014,M-2014-41,2014-06-25,group stage,Group F,0,BIH,Bosnia and Herzegovina,IRN,Iran,3,1,0,0,0,0,H
2014,WC-2014,M-2014-42,2014-06-25,group stage,Group F,0,NGA,Nigeria,ARG,Argentina,2,3,0,0,0,0,A
2014,WC-2014,M-2014-43,2014-06-25,group stage,Group E,0,HND,Honduras,CHE,Switzerland,0,3,0,0,0,0,A
2014,WC-2014,M-2014-44,2014-06-25,group stage,Group E,0,ECU,Ecuador,FRA,France,0,0,0,0,0,0,D
2014,WC-2014,M-2014-45,2014-06-26,group stage,Group G,0,PRT,Portugal,GHA,Ghana,2,1,0,0,0,0,H
2014,WC-2014,M-2014-46,2014-06-26,group stage,Group G,0,USA,United States,DEU,Germany,0,1,0,0,0,0,A
2014,WC-2014,M-2014-47,2014-06-26,group stage,Group H,0,DZA,Algeria,RUS,Russia,1,1,0,0,0,0,D
2014,WC-2014,M-2014-48,2014-06-26,group stage,Group H,0,KOR,South Korea,BEL,Belgium,0,1,0,0,0,0,A
2014,WC-2014,M-2014-49,2014-06-28,round of 16,not applicable,1,BRA,Brazil,CHL,Chile,1,1,1,1,3,2,D
2014,WC-2014,M-2014-50,2014-06-28,round of 16,not applicable,1,COL,Colombia,URY,Uruguay,2,0,0,0,0,0,H
2014,WC-2014,M-2014-51,2014-06-29,round of 16,not applicable,1,NLD,Netherlands,MEX,Mexico,2,1,0,0,0,0,H
2014,WC-2014,M-2014-52,2014-06-29,round of 16,not applicable,1,CRI,Costa Rica,GRC,Greece,1,1,1,1,5,3,D
2014,WC-2014,M-2014-53,2014-06-30,round of 16,not applicable,1,FRA,France,NGA,Nigeria,2,0,0,0,0,0,H
2014,WC-2014,M-2014-54,2014-06-30,round of 16,not applicable,1,DEU,Germany,DZA,Algeria,2,1,1,0,0,0,H
2014,WC-2014,M-2014-55,2014-07-01,round of 16,not applicable,1,ARG,Argentina,CHE,Switzerland,1,0,1,0,0,0,H
2014,WC-2014,M-2014-56,2014-07-01,round of 16,not applicable,1,BEL,Belgium,USA,United States,2,1,1,0,0,0,H
2014,WC-2014,M-2014-57,2014-07-04,quarter-finals,not applicable,1,FRA,France,DEU,Germany,0,1,0,0,0,0,A
2014,WC-2014,M-2014-58,2014-07-04,quarter-finals,not applicable,1,BRA,Brazil,COL,Colombia,2,1,0,0,0,0,H
2014,WC-2014,M-2014-59,2014-07-05,quarter-finals,not applicable,1,ARG,Argentina,BEL,Belgium,1,0,0,0,0,0,H
2014,WC-2014,M-2014-60,2014-07-05,quarter-finals,not applicable,1,NLD,Netherlands,CRI,Costa Rica,0,0,1,1,4,3,D
2014,WC-2014,M-2014-61,2014-07-08,semi-finals,not applicable,1,BRA,Brazil,DEU,Germany,1,7,0,0,0,0,A
2014,WC-2014,M-2014-62,2014-07-09,semi-finals,not applicable,1,NLD,Netherlands,ARG,Argentina,0,0,1,1,2,4,D
2014,WC-2014,M-2014-63,2014-07-12,third-place match,not applicable,1,BRA,Brazil,NLD,Netherlands,0,3,0,0,0,0,A
2014,WC-2014,M-2014-64,2014-07-13,final,not applicable,1,DEU,Germany,ARG,Argentina,1,0,1,0,0,0,H
2018,WC-2018,M-2018-01,2018-06-14,group stage,Group A,0,RUS,Russia,SAU,Saudi Arabia,5,0,0,0,0,0,H
2018,WC-2018,M-2018-02,2018-06-15,group stage,Group A,0,EGY,Egypt,URY,Uruguay,0,1,0,0,0,0,A
2018,WC-2018,M-2018-03,2018-06-15,group stage,Group B,0,MAR,Morocco,IRN,Iran,0,1,0,0,0,0,A
2018,WC-2018,M-2018-04,2018-06-15,group stage,Group B,0,PRT,Portugal,ESP,Spain,3,3,0,0,0,0,D
2018,WC-2018,M-2018-05,2018-06-16,group stage,Group C,0,FRA,France,AUS,Australia,2,1,0,0,0,0,H
2018,WC-2018,M-2018-06,2018-06-16,group stage,Group D,0,ARG,Argentina,ISL,Iceland,1,1,0,0,0,0,D
2018,WC-2018,M-2018-07,2018-06-16,group stage,Group C,0,PER,Peru,DNK,Denmark,0,1,0,0,0,0,A
2018,WC-2018,M-2018-08,2018-06-16,group stage,Group D,0,HRV,Croatia,NGA,Nigeria,2,0,0,0,0,0,H
2018,WC-2018,M-2018-09,2018-06-17,group stage,Group E,0,CRI,Costa Rica,SRB,Serbia,0,1,0,0,0,0,A
2018,WC-2018,M-2018-10,2018-06-17,group stage,Group F,0,DEU,Germany,MEX,Mexico,0,1,0,0,0,0,A
2018,WC-2018,M-2018-11,2018-06-17,group stage,Group E,0,BRA,Brazil,CHE,Switzerland,1,1,0,0,0,0,D
2018,WC-2018,M-2018-12,2018-06-18,group stage,Group F,0,SWE,Sweden,KOR,South Korea,1,0,0,0,0,0,H
2018,WC-2018,M-2018-13,2018-06-18,group stage,Group G,0,BEL,Belgium,PAN,Panama,3,0,0,0,0,0,H
2018,WC-2018,M-2018-14,2018-06-18,group stage,Group G,0,TUN,Tunisia,ENG,England,1,2,0,0,0,0,A
2018,WC-2018,M-2018-15,2018-06-19,group stage,Group H,0,COL,Colombia,JPN,Japan,1,2,0,0,0,0,A
2018,WC-2018,M-2018-16,2018-06-19,group stage,Group H,0,POL,Poland,SEN,Senegal,1,2,0,0,0,0,A
2018,WC-2018,M-2018-17,2018-06-19,group stage,Group A,0,RUS,Russia,EGY,Egypt,3,1,0,0,0,0,H
2018,WC-2018,M-2018-18,2018-06-20,group stage,Group B,0,PRT,Portugal,MAR,Morocco,1,0,0,0,0,0,H
2018,WC-2018,M-2018-19,2018-06-20,group stage,Group A,0,URY,Uruguay,SAU,Saudi Arabia,1,0,0,0,0,0,H
2018,WC-2018,M-2018-20,2018-06-20,group stage,Group B,0,IRN,Iran,ESP,Spain,0,1,0,0,0,0,A
2018,WC-2018,M-2018-21,2018-06-21,group stage,Group C,0,DNK,Denmark,AUS,Australia,1,1,0,0,0,0,D
2018,WC-2018,M-2018-22,2018-06-21,group stage,Group C,0,FRA,France,PER,Peru,1,0,0,0,0,0,H
2018,WC-2018,M-2018-23,2018-06-21,group stage,Group D,0,ARG,Argentina,HRV,Croatia,0,3,0,0,0,0,A
2018,WC-2018,M-2018-24,2018-06-22,group stage,Group E,0,BRA,Brazil,CRI,Costa Rica,2,0,0,0,0,0,H
2018,WC-2018,M-2018-25,2018-06-22,group stage,Group D,0,NGA,Nigeria,ISL,Iceland,2,0,0,0,0,0,H
2018,WC-2018,M-2018-26,2018-06-22,group stage,Group E,0,SRB,Serbia,CHE,Switzerland,1,2,0,0,0,0,A
2018,WC-2018,M-2018-27,2018-06-23,group stage,Group G,0,BEL,Belgium,TUN,Tunisia,5,2,0,0,0,0,H
2018,WC-2018,M-2018-28,2018-06-23,group stage,Group F,0,KOR,South Korea,MEX,Mexico,1,2,0,0,0,0,A
2018,WC-2018,M-2018-29,2018-06-23,group stage,Group F,0,DEU,Germany,SWE,Sweden,2,1,0,0,0,0,H
2018,WC-2018,M-2018-30,2018-06-24,group stage,Group G,0,ENG,England,PAN,Panama,6,1,0,0,0,0,H
2018,WC-2018,M-2018-31,2018-06-24,group stage,Group H,0,JPN,Japan,SEN,Senegal,2,2,0,0,0,0,D
2018,WC-2018,M-2018-32,2018-06-24,group stage,Group H,0,POL,Poland,COL,Colombia,0,3,0,0,0,0,A
2018,WC-2018,M-2018-33,2018-06-25,group stage,Group A,0,SAU,Saudi Arabia,EGY,Egypt,2,1,0,0,0,0,H
2018,WC-2018,M-2018-34,2018-06-25,group stage,Group A,0,URY,Uruguay,RUS,Russia,3,0,0,0,0,0,H
2018,WC-2018,M-2018-35,2018-06-25,group stage,Group B,0,ESP,Spain,MAR,Morocco,2,2,0,0,0,0,D
2018,WC-2018,M-2018-36,2018-06-25,group stage,Group B,0,IRN,Iran,PRT,Portugal,1,1,0,0,0,0,D
2018,WC-2018,M-2018-37,2018-06-26,group stage,Group C,0,AUS,Australia,PER,Peru,0,2,0,0,0,0,A
2018,WC-2018,M-2018-38,2018-06-26,group stage,Group C,0,DNK,Denmark,FRA,France,0,0,0,0,0,0,D
2018,WC-2018,M-2018-39,2018-06-26,group stage,Group D,0,ISL,Iceland,HRV,Croatia,1,2,0,0,0,0,A
2018,WC-2018,M-2018-40,2018-06-26,group stage,Group D,0,NGA,Nigeria,ARG,Argentina,1,2,0,0,0,0,A
2018,WC-2018,M-2018-41,2018-06-27,group stage,Group F,0,KOR,South Korea,DEU,Germany,2,0,0,0,0,0,H
2018,WC-2018,M-2018-42,2018-06-27,group stage,Group F,0,MEX,Mexico,SWE,Sweden,0,3,0,0,0,0,A
2018,WC-2018,M-2018-43,2018-06-27,group stage,Group E,0,SRB,Serbia,BRA,Brazil,0,2,0,0,0,0,A
2018,WC-2018,M-2018-44,2018-06-27,group stage,Group E,0,CHE,Switzerland,CRI,Costa Rica,2,2,0,0,0,0,D
2018,WC-2018,M-2018-45,2018-06-28,group stage,Group H,0,JPN,Japan,POL,Poland,0,1,0,0,0,0,A
2018,WC-2018,M-2018-46,2018-06-28,group stage,Group H,0,SEN,Senegal,COL,Colombia,0,1,0,0,0,0,A
2018,WC-2018,M-2018-47,2018-06-28,group stage,Group G,0,ENG,England,BEL,Belgium,0,1,0,0,0,0,A
2018,WC-2018,M-2018-48,2018-06-28,group stage,Group G,0,PAN,Panama,TUN,Tunisia,1,2,0,0,0,0,A
2018,WC-2018,M-2018-49,2018-06-30,round of 16,not applicable,1,FRA,France,ARG,Argentina,4,3,0,0,0,0,H
2018,WC-2018,M-2018-50,2018-06-30,round of 16,not applicable,1,URY,Uruguay,PRT,Portugal,2,1,0,0,0,0,H
2018,WC-2018,M-2018-51,2018-07-01,round of 16,not applicable,1,ESP,Spain,RUS,Russia,1,1,1,1,3,4,D
2018,WC-2018,M-2018-52,2018-07-01,round of 16,not applicable,1,HRV,Croatia,DNK,Denmark,1,1,1,1,3,2,D
2018,WC-2018,M-2018-53,2018-07-02,round of 16,not applicable,1,BRA,Brazil,MEX,Mexico,2,0,0,0,0,0,H
2018,WC-2018,M-2018-54,2018-07-02,round of 16,not applicable,1,BEL,Belgium,JPN,Japan,3,2,0,0,0,0,H
2018,WC-2018,M-2018-55,2018-07-03,round of 16,not applicable,1,SWE,Sweden,CHE,Switzerland,1,0,0,0,0,0,H
2018,WC-2018,M-2018-56,2018-07-03,round of 16,not applicable,1,COL,Colombia,ENG,England,1,1,1,1,3,4,D
2018,WC-2018,M-2018-57,2018-07-06,quarter-finals,not applicable,1,URY,Uruguay,FRA,France,0,2,0,0,0,0,A
2018,WC-2018,M-2018-58,2018-07-06,quarter-finals,not applicable,1,BRA,Brazil,BEL,Belgium,1,2,0,0,0,0,A
2018,WC-2018,M-2018-59,2018-07-07,quarter-finals,not applicable,1,SWE,Sweden,ENG,England,0,2,0,0,0,0,A
2018,WC-2018,M-2018-60,2018-07-07,quarter-finals,not applicable,1,RUS,Russia,HRV,Croatia,2,2,1,1,3,4,D
2018,WC-2018,M-2018-61,2018-07-10,semi-finals,not applicable,1,FRA,France,BEL,Belgium,1,0,0,0,0,0,H
2018,WC-2018,M-2018-62,2018-07-11,semi-finals,not applicable,1,HRV,Croatia,ENG,England,2,1,1,0,0,0,H
2018,WC-2018,M-2018-63,2018-07-14,third-place match,not applicable,1,BEL,Belgium,ENG,England,2,0,0,0,0,0,H
2018,WC-2018,M-2018-64,2018-07-15,final,not applicable,1,FRA,France,HRV,Croatia,4,2,0,0,0,0,H
2022,WC-2022,M-2022-01,2022-11-20,group stage,Group A,0,QAT,Qatar,ECU,Ecuador,0,2,0,0,0,0,A
2022,WC-2022,M-2022-02,2022-11-21,group stage,Group B,0,ENG,England,IRN,Iran,6,2,0,0,0,0,H
2022,WC-2022,M-2022-03,2022-11-21,group stage,Group A,0,SEN,Senegal,NLD,Netherlands,0,2,0,0,0,0,A
2022,WC-2022,M-2022-04,2022-11-21,group stage,Group B,0,USA,United States,WAL,Wales,1,1,0,0,0,0,D
2022,WC-2022,M-2022-05,2022-11-22,group stage,Group C,0,ARG,Argentina,SAU,Saudi Arabia,1,2,0,0,0,0,A
2022,WC-2022,M-2022-06,2022-11-22,group stage,Group D,0,DNK,Denmark,TUN,Tunisia,0,0,0,0,0,0,D
2022,WC-2022,M-2022-07,2022-11-22,group stage,Group C,0,MEX,Mexico,POL,Poland,0,0,0,0,0,0,D
2022,WC-2022,M-2022-08,2022-11-22,group stage,Group D,0,FRA,France,AUS,Australia,4,1,0,0,0,0,H
2022,WC-2022,M-2022-09,2022-11-23,group stage,Group F,0,MAR,Morocco,HRV,Croatia,0,0,0,0,0,0,D
2022,WC-2022,M-2022-10,2022-11-23,group stage,Group E,0,DEU,Germany,JPN,Japan,1,2,0,0,0,0,A
2022,WC-2022,M-2022-11,2022-11-23,group stage,Group E,0,ESP,Spain,CRI,Costa Rica,7,0,0,0,0,0,H
2022,WC-2022,M-2022-12,2022-11-23,group stage,Group F,0,BEL,Belgium,CAN,Canada,1,0,0,0,0,0,H
2022,WC-2022,M-2022-13,2022-11-24,group stage,Group G,0,CHE,Switzerland,CMR,Cameroon,1,0,0,0,0,0,H
2022,WC-2022,M-2022-14,2022-11-24,group stage,Group H,0,URY,Uruguay,KOR,South Korea,0,0,0,0,0,0,D
2022,WC-2022,M-2022-15,2022-11-24,group stage,Group H,0,PRT,Portugal,GHA,Ghana,3,2,0,0,0,0,H
2022,WC-2022,M-2022-16,2022-11-24,group stage,Group G,0,BRA,Brazil,SRB,Serbia,2,0,0,0,0,0,H
2022,WC-2022,M-2022-17,2022-11-25,group stage,Group B,0,WAL,Wales,IRN,Iran,0,2,0,0,0,0,A
2022,WC-2022,M-2022-18,2022-11-25,group stage,Group A,0,QAT,Qatar,SEN,Senegal,1,3,0,0,0,0,A
2022,WC-2022,M-2022-19,2022-11-25,group stage,Group A,0,NLD,Netherlands,ECU,Ecuador,1,1,0,0,0,0,D
2022,WC-2022,M-2022-20,2022-11-25,group stage,Group B,0,ENG,England,USA,United States,0,0,0,0,0,0,D
2022,WC-2022,M-2022-21,2022-11-26,group stage,Group D,0,TUN,Tunisia,AUS,Australia,0,1,0,0,0,0,A
2022,WC-2022,M-2022-22,2022-11-26,group stage,Group C,0,POL,Poland,SAU,Saudi Arabia,2,0,0,0,0,0,H
2022,WC-2022,M-2022-23,2022-11-26,group stage,Group D,0,FRA,France,DNK,Denmark,2,1,0,0,0,0,H
2022,WC-2022,M-2022-24,2022-11-26,group stage,Group C,0,ARG,Argentina,MEX,Mexico,2,0,0,0,0,0,H
2022,WC-2022,M-2022-25,2022-11-27,group stage,Group E,0,JPN,Japan,CRI,Costa Rica,0,1,0,0,0,0,A
2022,WC-2022,M-2022-26,2022-11-27,group stage,Group F,0,BEL,Belgium,MAR,Morocco,0,2,0,0,0,0,A
2022,WC-2022,M-2022-27,2022-11-27,group stage,Group F,0,HRV,Croatia,CAN,Canada,4,1,0,0,0,0,H
2022,WC-2022,M-2022-28,2022-11-27,group stage,Group E,0,ESP,Spain,DEU,Germany,1,1,0,0,0,0,D
2022,WC-2022,M-2022-29,2022-11-28,group stage,Group G,0,CMR,Cameroon,SRB,Serbia,3,3,0,0,0,0,D
2022,WC-2022,M-2022-30,2022-11-28,group stage,Group H,0,KOR,South Korea,GHA,Ghana,2,3,0,0,0,0,A
2022,WC-2022,M-2022-31,2022-11-28,group stage,Group G,0,BRA,Brazil,CHE,Switzerland,1,0,0,0,0,0,H
2022,WC-2022,M-2022-32,2022-11-28,group stage,Group H,0,PRT,Portugal,URY,Uruguay,2,0,0,0,0,0,H
2022,WC-2022,M-2022-33,2022-11-29,group stage,Group A,0,ECU,Ecuador,SEN,Senegal,1,2,0,0,0,0,A
2022,WC-2022,M-2022-34,2022-11-29,group stage,Group A,0,NLD,Netherlands,QAT,Qatar,2,0,0,0,0,0,H
2022,WC-2022,M-2022-35,2022-11-29,group stage,Group B,0,IRN,Iran,USA,United States,0,1,0,0,0,0,A
2022,WC-2022,M-2022-36,2022-11-29,group stage,Group B,0,WAL,Wales,ENG,England,0,3,0,0,0,0,A
2022,WC-2022,M-2022-37,2022-11-30,group stage,Group D,0,AUS,Australia,DNK,Denmark,1,0,0,0,0,0,H
2022,WC-2022,M-2022-38,2022-11-30,group stage,Group D,0,TUN,Tunisia,FRA,France,1,0,0,0,0,0,H
2022,WC-2022,M-2022-39,2022-11-30,group stage,Group C,0,POL,Poland,ARG,Argentina,0,2,0,0,0,0,A
2022,WC-2022,M-2022-40,2022-11-30,group stage,Group C,0,SAU,Saudi Arabia,MEX,Mexico,1,2,0,0,0,0,A
2022,WC-2022,M-2022-41,2022-12-01,group stage,Group F,0,CAN,Canada,MAR,Morocco,1,2,0,0,0,0,A
2022,WC-2022,M-2022-42,2022-12-01,group stage,Group F,0,HRV,Croatia,BEL,Belgium,0,0,0,0,0,0,D
2022,WC-2022,M-2022-43,2022-12-01,group stage,Group E,0,CRI,Costa Rica,DEU,Germany,2,4,0,0,0,0,A
2022,WC-2022,M-2022-44,2022-12-01,group stage,Group E,0,JPN,Japan,ESP,Spain,2,1,0,0,0,0,H
2022,WC-2022,M-2022-45,2022-12-02,group stage,Group H,0,GHA,Ghana,URY,Uruguay,0,2,0,0,0,0,A
2022,WC-2022,M-2022-46,2022-12-02,group stage,Group H,0,KOR,South Korea,PRT,Portugal,2,1,0,0,0,0,H
2022,WC-2022,M-2022-47,2022-12-02,group stage,Group G,0,CMR,Cameroon,BRA,Brazil,1,0,0,0,0,0,H
2022,WC-2022,M-2022-48,2022-12-02,group stage,Group G,0,SRB,Serbia,CHE,Switzerland,2,3,0,0,0,0,A
2022,WC-2022,M-2022-49,2022-12-03,round of 16,not applicable,1,NLD,Netherlands,USA,United States,3,1,0,0,0,0,H
2022,WC-2022,M-2022-50,2022-12-03,round of 16,not applicable,1,ARG,Argentina,AUS,Australia,2,1,0,0,0,0,H
2022,WC-2022,M-2022-51,2022-12-04,round of 16,not applicable,1,FRA,France,POL,Poland,3,1,0,0,0,0,H
2022,WC-2022,M-2022-52,2022-12-04,round of 16,not applicable,1,ENG,England,SEN,Senegal,3,0,0,0,0,0,H
2022,WC-2022,M-2022-53,2022-12-05,round of 16,not applicable,1,JPN,Japan,HRV,Croatia,1,1,1,1,1,3,D
2022,WC-2022,M-2022-54,2022-12-05,round of 16,not applicable,1,BRA,Brazil,KOR,South Korea,4,1,0,0,0,0,H
2022,WC-2022,M-2022-55,2022-12-06,round of 16,not applicable,1,MAR,Morocco,ESP,Spain,0,0,1,1,3,0,D
2022,WC-2022,M-2022-56,2022-12-06,round of 16,not applicable,1,PRT,Portugal,CHE,Switzerland,6,1,0,0,0,0,H
2022,WC-2022,M-2022-57,2022-12-09,quarter-finals,not applicable,1,HRV,Croatia,BRA,Brazil,1,1,1,1,4,2,D
2022,WC-2022,M-2022-58,2022-12-09,quarter-finals,not applicable,1,NLD,Netherlands,ARG,Argentina,2,2,1,1,3,4,D
2022,WC-2022,M-2022-59,2022-12-10,quarter-finals,not applicable,1,MAR,Morocco,PRT,Portugal,1,0,0,0,0,0,H
2022,WC-2022,M-2022-60,2022-12-10,quarter-finals,not applicable,1,ENG,England,FRA,France,1,2,0,0,0,0,A
2022,WC-2022,M-2022-61,2022-12-13,semi-finals,not applicable,1,ARG,Argentina,HRV,Croatia,3,0,0,0,0,0,H
2022,WC-2022,M-2022-62,2022-12-14,semi-finals,not applicable,1,FRA,France,MAR,Morocco,2,0,0,0,0,0,H
2022,WC-2022,M-2022-63,2022-12-17,third-place match,not applicable,1,HRV,Croatia,MAR,Morocco,2,1,0,0,0,0,H
2022,WC-2022,M-2022-64,2022-12-18,final,not applicable,1,ARG,Argentina,FRA,France,3,3,1,1,4,2,D
