player_name,position,club,iso_code,team_name,player_norm
Matěj Kovář,1 GK,PSV Eindhoven,CZE,Czech Republic,matej kovar
David Zima,2 DF,Slavia Prague,CZE,Czech Republic,david zima
Tomáš Holeš,2 DF,Slavia Prague,CZE,Czech Republic,tomas holes
Robin Hranáč,2 DF,TSG Hoffenheim,CZE,Czech Republic,robin hranac
Vladimír Coufal,2 DF,TSG Hoffenheim,CZE,Czech Republic,vladimir coufal
Štěpán Chaloupek,2 DF,Slavia Prague,CZE,Czech Republic,stepan chaloupek
Ladislav Krejčí ( captain ),2 DF,Wolverhampton Wanderers,CZE,Czech Republic,ladislav krejci
Vladimír Darida,3 MF,Hradec Králové,CZE,Czech Republic,vladimir darida
Adam Hložek,4 FW,TSG Hoffenheim,CZE,Czech Republic,adam hlozek
Patrik Schick,4 FW,Bayer Leverkusen,CZE,Czech Republic,patrik schick
Jan Kuchta,4 FW,Sparta Prague,CZE,Czech Republic,jan kuchta
Lukáš Červ,3 MF,Viktoria Plzeň,CZE,Czech Republic,lukas cerv
Mojmír Chytil,4 FW,Slavia Prague,CZE,Czech Republic,mojmir chytil
David Jurásek,2 DF,Slavia Prague,CZE,Czech Republic,david jurasek
Pavel Šulc,4 FW,Lyon,CZE,Czech Republic,pavel sulc
Jindřich Staněk,1 GK,Slavia Prague,CZE,Czech Republic,jindrich stanek
Lukáš Provod,3 MF,Slavia Prague,CZE,Czech Republic,lukas provod
Michal Sadílek,3 MF,Slavia Prague,CZE,Czech Republic,michal sadilek
Tomáš Chorý,4 FW,Slavia Prague,CZE,Czech Republic,tomas chory
Jaroslav Zelený,2 DF,Sparta Prague,CZE,Czech Republic,jaroslav zeleny
David Douděra,2 DF,Slavia Prague,CZE,Czech Republic,david doudera
Tomáš Souček,3 MF,West Ham United,CZE,Czech Republic,tomas soucek
Lukáš Horníček,1 GK,Braga,CZE,Czech Republic,lukas hornicek
Alexandr Sojka,3 MF,Viktoria Plzeň,CZE,Czech Republic,alexandr sojka
Hugo Sochůrek,3 MF,Sparta Prague,CZE,Czech Republic,hugo sochurek
Denis Višinský,4 FW,Viktoria Plzeň,CZE,Czech Republic,denis visinsky
Raúl Rangel,1 GK,Guadalajara,MEX,Mexico,raul rangel
Jorge Sánchez,2 DF,PAOK,MEX,Mexico,jorge sanchez
César Montes,2 DF,Lokomotiv Moscow,MEX,Mexico,cesar montes
Edson Álvarez ( captain ),2 DF,Fenerbahçe,MEX,Mexico,edson alvarez
Johan Vásquez,2 DF,Genoa,MEX,Mexico,johan vasquez
Érik Lira,3 MF,Cruz Azul,MEX,Mexico,erik lira
Luis Romo,3 MF,Guadalajara,MEX,Mexico,luis romo
Álvaro Fidalgo,3 MF,Real Betis,MEX,Mexico,alvaro fidalgo
Raúl Jiménez,4 FW,Fulham,MEX,Mexico,raul jimenez
Alexis Vega,4 FW,Toluca,MEX,Mexico,alexis vega
Santiago Giménez,4 FW,Milan,MEX,Mexico,santiago gimenez
Carlos Acevedo,1 GK,Santos Laguna,MEX,Mexico,carlos acevedo
Guillermo Ochoa,1 GK,AEL Limassol,MEX,Mexico,guillermo ochoa
Armando González,4 FW,Guadalajara,MEX,Mexico,armando gonzalez
Israel Reyes,2 DF,América,MEX,Mexico,israel reyes
Julián Quiñones,4 FW,Al-Qadsiah,MEX,Mexico,julian quinones
Orbelín Pineda,3 MF,AEK Athens,MEX,Mexico,orbelin pineda
Obed Vargas,3 MF,Atlético Madrid,MEX,Mexico,obed vargas
Gilberto Mora,3 MF,Tijuana,MEX,Mexico,gilberto mora
Mateo Chávez,2 DF,AZ,MEX,Mexico,mateo chavez
César Huerta,4 FW,Anderlecht,MEX,Mexico,cesar huerta
Guillermo Martínez,4 FW,UNAM,MEX,Mexico,guillermo martinez
Jesús Gallardo,2 DF,Toluca,MEX,Mexico,jesus gallardo
Luis Chávez,3 MF,Dynamo Moscow,MEX,Mexico,luis chavez
Roberto Alvarado,4 FW,Guadalajara,MEX,Mexico,roberto alvarado
Brian Gutiérrez,3 MF,Guadalajara,MEX,Mexico,brian gutierrez
Ronwen Williams ( captain ),1 GK,Mamelodi Sundowns,ZAF,South Africa,ronwen williams
Thabang Matuludi,2 DF,Polokwane City,ZAF,South Africa,thabang matuludi
Khulumani Ndamane,2 DF,Mamelodi Sundowns,ZAF,South Africa,khulumani ndamane
Teboho Mokoena,3 MF,Mamelodi Sundowns,ZAF,South Africa,teboho mokoena
Thalente Mbatha,3 MF,Orlando Pirates,ZAF,South Africa,thalente mbatha
Aubrey Modiba,2 DF,Mamelodi Sundowns,ZAF,South Africa,aubrey modiba
Oswin Appollis,4 FW,Orlando Pirates,ZAF,South Africa,oswin appollis
Tshepang Moremi,4 FW,Orlando Pirates,ZAF,South Africa,tshepang moremi
Lyle Foster,4 FW,Burnley,ZAF,South Africa,lyle foster
Relebohile Mofokeng,4 FW,Orlando Pirates,ZAF,South Africa,relebohile mofokeng
Themba Zwane,3 MF,Mamelodi Sundowns,ZAF,South Africa,themba zwane
Thapelo Maseko,4 FW,AEL Limassol,ZAF,South Africa,thapelo maseko
Sphephelo Sithole,3 MF,Tondela,ZAF,South Africa,sphephelo sithole
Mbekezeli Mbokazi,2 DF,Chicago Fire FC,ZAF,South Africa,mbekezeli mbokazi
Iqraam Rayners,4 FW,Mamelodi Sundowns,ZAF,South Africa,iqraam rayners
Sipho Chaine,1 GK,Orlando Pirates,ZAF,South Africa,sipho chaine
Evidence Makgopa,4 FW,Orlando Pirates,ZAF,South Africa,evidence makgopa
Samukele Kabini,2 DF,Molde,ZAF,South Africa,samukele kabini
Nkosinathi Sibisi,2 DF,Orlando Pirates,ZAF,South Africa,nkosinathi sibisi
Khuliso Mudau,2 DF,Mamelodi Sundowns,ZAF,South Africa,khuliso mudau
Ime Okon,2 DF,Hannover 96,ZAF,South Africa,ime okon
Ricardo Goss,1 GK,Siwelele,ZAF,South Africa,ricardo goss
Jayden Adams,3 MF,Mamelodi Sundowns,ZAF,South Africa,jayden adams
Olwethu Makhanya,2 DF,Philadelphia Union,ZAF,South Africa,olwethu makhanya
Kamogelo Sebelebele,4 FW,Orlando Pirates,ZAF,South Africa,kamogelo sebelebele
Bradley Cross,2 DF,Kaizer Chiefs,ZAF,South Africa,bradley cross
Kim Seung-gyu,1 GK,FC Tokyo,KOR,South Korea,kim seung-gyu
Lee Han-beom,2 DF,Midtjylland,KOR,South Korea,lee han-beom
Lee Gi-hyuk,3 MF,Gangwon FC,KOR,South Korea,lee gi-hyuk
Kim Min-jae,2 DF,Bayern Munich,KOR,South Korea,kim min-jae
Kim Tae-hyeon,2 DF,Kashima Antlers,KOR,South Korea,kim tae-hyeon
Hwang In-beom,3 MF,Feyenoord,KOR,South Korea,hwang in-beom
Son Heung-min ( captain ),4 FW,Los Angeles FC,KOR,South Korea,son heung-min
Paik Seung-ho,3 MF,Birmingham City,KOR,South Korea,paik seung-ho
Cho Gue-sung,4 FW,Midtjylland,KOR,South Korea,cho gue-sung
Lee Jae-sung,3 MF,Mainz 05,KOR,South Korea,lee jae-sung
Hwang Hee-chan,3 MF,Wolverhampton Wanderers,KOR,South Korea,hwang hee-chan
Song Bum-keun,1 GK,Jeonbuk Hyundai Motors,KOR,South Korea,song bum-keun
Lee Tae-seok,2 DF,Austria Wien,KOR,South Korea,lee tae-seok
Cho Wi-je,2 DF,Jeonbuk Hyundai Motors,KOR,South Korea,cho wi-je
Kim Moon-hwan,2 DF,Daejeon Hana Citizen,KOR,South Korea,kim moon-hwan
Park Jin-seob,2 DF,Zhejiang,KOR,South Korea,park jin-seob
Bae Jun-ho,3 MF,Stoke City,KOR,South Korea,bae jun-ho
Oh Hyeon-gyu,4 FW,Beşiktaş,KOR,South Korea,oh hyeon-gyu
Lee Kang-in,3 MF,Paris Saint-Germain,KOR,South Korea,lee kang-in
Yang Hyun-jun,3 MF,Celtic,KOR,South Korea,yang hyun-jun
Jo Hyeon-woo,1 GK,Ulsan HD,KOR,South Korea,jo hyeon-woo
Seol Young-woo,2 DF,Red Star Belgrade,KOR,South Korea,seol young-woo
Jens Castrop,2 DF,Borussia Mönchengladbach,KOR,South Korea,jens castrop
Kim Jin-gyu,3 MF,Jeonbuk Hyundai Motors,KOR,South Korea,kim jin-gyu
Eom Ji-sung,3 MF,Swansea City,KOR,South Korea,eom ji-sung
Lee Dong-gyeong,3 MF,Ulsan HD,KOR,South Korea,lee dong-gyeong
Nikola Vasilj,1 GK,FC St. Pauli,BIH,Bosnia and Herzegovina,nikola vasilj
Nihad Mujakić,2 DF,Gaziantep,BIH,Bosnia and Herzegovina,nihad mujakic
Dennis Hadžikadunić,2 DF,Sampdoria,BIH,Bosnia and Herzegovina,dennis hadzikadunic
Tarik Muharemović,2 DF,Sassuolo,BIH,Bosnia and Herzegovina,tarik muharemovic
Sead Kolašinac,2 DF,Atalanta,BIH,Bosnia and Herzegovina,sead kolasinac
Benjamin Tahirović,3 MF,Brøndby,BIH,Bosnia and Herzegovina,benjamin tahirovic
Amar Dedić,2 DF,Benfica,BIH,Bosnia and Herzegovina,amar dedic
Armin Gigović,3 MF,Young Boys,BIH,Bosnia and Herzegovina,armin gigovic
Samed Baždar,4 FW,Jagiellonia Białystok,BIH,Bosnia and Herzegovina,samed bazdar
Ermedin Demirović,4 FW,VfB Stuttgart,BIH,Bosnia and Herzegovina,ermedin demirovic
Edin Džeko ( captain ),4 FW,Schalke 04,BIH,Bosnia and Herzegovina,edin dzeko
Mladen Jurkas,1 GK,Borac Banja Luka,BIH,Bosnia and Herzegovina,mladen jurkas
Ivan Bašić,3 MF,Astana,BIH,Bosnia and Herzegovina,ivan basic
Ivan Šunjić,3 MF,Pafos,BIH,Bosnia and Herzegovina,ivan sunjic
Amar Memić,3 MF,Viktoria Plzeň,BIH,Bosnia and Herzegovina,amar memic
Amir Hadžiahmetović,3 MF,Hull City,BIH,Bosnia and Herzegovina,amir hadziahmetovic
Dženis Burnić,3 MF,Karlsruher SC,BIH,Bosnia and Herzegovina,dzenis burnic
Nikola Katić,2 DF,Schalke 04,BIH,Bosnia and Herzegovina,nikola katic
Kerim Alajbegović,4 FW,Red Bull Salzburg,BIH,Bosnia and Herzegovina,kerim alajbegovic
Esmir Bajraktarević,4 FW,PSV Eindhoven,BIH,Bosnia and Herzegovina,esmir bajraktarevic
Stjepan Radeljić,2 DF,Rijeka,BIH,Bosnia and Herzegovina,stjepan radeljic
Martin Zlomislić,1 GK,Rijeka,BIH,Bosnia and Herzegovina,martin zlomislic
Haris Tabaković,4 FW,Borussia Mönchengladbach,BIH,Bosnia and Herzegovina,haris tabakovic
Nidal Čelik,2 DF,Lens,BIH,Bosnia and Herzegovina,nidal celik
Jovo Lukić,4 FW,Universitatea Cluj,BIH,Bosnia and Herzegovina,jovo lukic
Ermin Mahmić,3 MF,Slovan Liberec,BIH,Bosnia and Herzegovina,ermin mahmic
Dayne St. Clair,1 GK,Inter Miami CF,CAN,Canada,dayne st. clair
Alistair Johnston,2 DF,Celtic,CAN,Canada,alistair johnston
Alfie Jones,2 DF,Middlesbrough,CAN,Canada,alfie jones
Luc de Fougerolles,2 DF,Dender,CAN,Canada,luc de fougerolles
Joel Waterman,2 DF,Chicago Fire FC,CAN,Canada,joel waterman
Mathieu Choinière,3 MF,Los Angeles FC,CAN,Canada,mathieu choiniere
Stephen Eustáquio,3 MF,Los Angeles FC,CAN,Canada,stephen eustaquio
Ismaël Koné,3 MF,Sassuolo,CAN,Canada,ismael kone
Cyle Larin,4 FW,Southampton,CAN,Canada,cyle larin
Jonathan David,4 FW,Juventus,CAN,Canada,jonathan david
Liam Millar,3 MF,Hull City,CAN,Canada,liam millar
Tani Oluwaseyi,4 FW,Villarreal,CAN,Canada,tani oluwaseyi
Derek Cornelius,2 DF,Rangers,CAN,Canada,derek cornelius
Jacob Shaffelburg,3 MF,Los Angeles FC,CAN,Canada,jacob shaffelburg
Moïse Bombito,2 DF,Nice,CAN,Canada,moise bombito
Maxime Crépeau,1 GK,Orlando City SC,CAN,Canada,maxime crepeau
Tajon Buchanan,4 FW,Villarreal,CAN,Canada,tajon buchanan
Owen Goodman,1 GK,Barnsley,CAN,Canada,owen goodman
Alphonso Davies ( captain ),2 DF,Bayern Munich,CAN,Canada,alphonso davies
Ali Ahmed,4 FW,Norwich City,CAN,Canada,ali ahmed
Jonathan Osorio,3 MF,Toronto FC,CAN,Canada,jonathan osorio
Richie Laryea,2 DF,Toronto FC,CAN,Canada,richie laryea
Niko Sigur,2 DF,Hajduk Split,CAN,Canada,niko sigur
Promise David,4 FW,Union Saint-Gilloise,CAN,Canada,promise david
Nathan Saliba,3 MF,Anderlecht,CAN,Canada,nathan saliba
Mahmud Abunada,1 GK,Al-Rayyan,QAT,Qatar,mahmud abunada
Pedro Miguel,2 DF,Al-Sadd,QAT,Qatar,pedro miguel
Lucas Mendes,2 DF,Al-Wakrah,QAT,Qatar,lucas mendes
Issa Laye,2 DF,Al-Arabi,QAT,Qatar,issa laye
Jassem Gaber,2 DF,Al-Rayyan,QAT,Qatar,jassem gaber
Abdulaziz Hatem,3 MF,Al-Rayyan,QAT,Qatar,abdulaziz hatem
Ahmed Alaaeldin,4 FW,Al-Rayyan,QAT,Qatar,ahmed alaaeldin
Edmilson Junior,4 FW,Al-Duhail,QAT,Qatar,edmilson junior
Mohammed Muntari,4 FW,Al-Gharafa,QAT,Qatar,mohammed muntari
Hassan Al-Haydos ( captain ),4 FW,Al-Sadd,QAT,Qatar,hassan al-haydos
Akram Afif,4 FW,Al-Sadd,QAT,Qatar,akram afif
Karim Boudiaf,3 MF,Al-Duhail,QAT,Qatar,karim boudiaf
Ayoub Al-Oui,2 DF,Al-Gharafa,QAT,Qatar,ayoub al-oui
Homam Ahmed,2 DF,Cultural Leonesa,QAT,Qatar,homam ahmed
Yusuf Abdurisag,4 FW,Al-Wakrah,QAT,Qatar,yusuf abdurisag
Boualem Khoukhi,2 DF,Al-Sadd,QAT,Qatar,boualem khoukhi
Ahmed Al-Ganehi,3 MF,Al-Gharafa,QAT,Qatar,ahmed al-ganehi
Sultan Al-Brake,2 DF,Al-Duhail,QAT,Qatar,sultan al-brake
Almoez Ali,4 FW,Al-Duhail,QAT,Qatar,almoez ali
Ahmed Fathy,3 MF,Al-Arabi,QAT,Qatar,ahmed fathy
Salah Zakaria,1 GK,Al-Duhail,QAT,Qatar,salah zakaria
Meshaal Barsham,1 GK,Al-Sadd,QAT,Qatar,meshaal barsham
Assim Madibo,3 MF,Al-Wakrah,QAT,Qatar,assim madibo
Tahsin Jamshid,4 FW,Al-Duhail,QAT,Qatar,tahsin jamshid
Al-Hashmi Al-Hussain,2 DF,Al-Arabi,QAT,Qatar,al-hashmi al-hussain
Mohamed Manai,4 FW,Al-Shamal,QAT,Qatar,mohamed manai
Gregor Kobel,1 GK,Borussia Dortmund,CHE,Switzerland,gregor kobel
Miro Muheim,2 DF,Hamburger SV,CHE,Switzerland,miro muheim
Silvan Widmer,2 DF,Mainz 05,CHE,Switzerland,silvan widmer
Nico Elvedi,2 DF,Borussia Mönchengladbach,CHE,Switzerland,nico elvedi
Manuel Akanji,2 DF,Inter Milan,CHE,Switzerland,manuel akanji
Denis Zakaria,3 MF,Monaco,CHE,Switzerland,denis zakaria
Breel Embolo,4 FW,Rennes,CHE,Switzerland,breel embolo
Remo Freuler,3 MF,Bologna,CHE,Switzerland,remo freuler
Johan Manzambi,3 MF,SC Freiburg,CHE,Switzerland,johan manzambi
Granit Xhaka ( captain ),3 MF,Sunderland,CHE,Switzerland,granit xhaka
Dan Ndoye,4 FW,Nottingham Forest,CHE,Switzerland,dan ndoye
Yvon Mvogo,1 GK,Lorient,CHE,Switzerland,yvon mvogo
Ricardo Rodriguez,2 DF,Real Betis,CHE,Switzerland,ricardo rodriguez
Ardon Jashari,3 MF,Milan,CHE,Switzerland,ardon jashari
Djibril Sow,3 MF,Sevilla,CHE,Switzerland,djibril sow
Christian Fassnacht,4 FW,Young Boys,CHE,Switzerland,christian fassnacht
Rubén Vargas,4 FW,Sevilla,CHE,Switzerland,ruben vargas
Eray Cömert,2 DF,Valencia,CHE,Switzerland,eray comert
Noah Okafor,4 FW,Leeds United,CHE,Switzerland,noah okafor
Michel Aebischer,3 MF,Pisa,CHE,Switzerland,michel aebischer
Marvin Keller,1 GK,Young Boys,CHE,Switzerland,marvin keller
Fabian Rieder,3 MF,FC Augsburg,CHE,Switzerland,fabian rieder
Zeki Amdouni,4 FW,Burnley,CHE,Switzerland,zeki amdouni
Aurèle Amenda,2 DF,Eintracht Frankfurt,CHE,Switzerland,aurele amenda
Luca Jaquez,2 DF,VfB Stuttgart,CHE,Switzerland,luca jaquez
Cedric Itten,4 FW,Fortuna Düsseldorf,CHE,Switzerland,cedric itten
Alisson,1 GK,Liverpool,BRA,Brazil,alisson
Wesley,2 DF,Roma,BRA,Brazil,wesley
Gabriel Magalhães,2 DF,Arsenal,BRA,Brazil,gabriel magalhaes
Marquinhos ( captain ),2 DF,Paris Saint-Germain,BRA,Brazil,marquinhos
Casemiro,3 MF,Manchester United,BRA,Brazil,casemiro
Alex Sandro,2 DF,Flamengo,BRA,Brazil,alex sandro
Vinícius Júnior,4 FW,Real Madrid,BRA,Brazil,vinicius junior
Bruno Guimarães,3 MF,Newcastle United,BRA,Brazil,bruno guimaraes
Matheus Cunha,4 FW,Manchester United,BRA,Brazil,matheus cunha
Neymar,4 FW,Santos,BRA,Brazil,neymar
Raphinha,4 FW,Barcelona,BRA,Brazil,raphinha
Weverton,1 GK,Grêmio,BRA,Brazil,weverton
Danilo Luiz,2 DF,Flamengo,BRA,Brazil,danilo luiz
Bremer,2 DF,Juventus,BRA,Brazil,bremer
Léo Pereira,2 DF,Flamengo,BRA,Brazil,leo pereira
Douglas Santos,2 DF,Zenit Saint Petersburg,BRA,Brazil,douglas santos
Fabinho,3 MF,Al-Ittihad,BRA,Brazil,fabinho
Danilo Santos,3 MF,Botafogo,BRA,Brazil,danilo santos
Endrick,4 FW,Lyon,BRA,Brazil,endrick
Lucas Paquetá,3 MF,Flamengo,BRA,Brazil,lucas paqueta
Luiz Henrique,4 FW,Zenit Saint Petersburg,BRA,Brazil,luiz henrique
Gabriel Martinelli,4 FW,Arsenal,BRA,Brazil,gabriel martinelli
Ederson,1 GK,Fenerbahçe,BRA,Brazil,ederson
Roger Ibañez,2 DF,Al-Ahli,BRA,Brazil,roger ibanez
Igor Thiago,4 FW,Brentford,BRA,Brazil,igor thiago
Rayan,4 FW,Bournemouth,BRA,Brazil,rayan
Johny Placide ( captain ),1 GK,Bastia,HTI,Haiti,johny placide
Carlens Arcus,2 DF,Angers,HTI,Haiti,carlens arcus
Keeto Thermoncy,2 DF,Young Boys,HTI,Haiti,keeto thermoncy
Ricardo Adé,2 DF,LDU Quito,HTI,Haiti,ricardo ade
Hannes Delcroix,2 DF,Lugano,HTI,Haiti,hannes delcroix
Carl Sainté,3 MF,El Paso Locomotive FC,HTI,Haiti,carl sainte
Derrick Etienne Jr.,4 FW,Toronto FC,HTI,Haiti,derrick etienne jr.
Martin Expérience,2 DF,Nancy,HTI,Haiti,martin experience
Duckens Nazon,4 FW,Esteghlal,HTI,Haiti,duckens nazon
Jean-Ricner Bellegarde,3 MF,Wolverhampton Wanderers,HTI,Haiti,jean-ricner bellegarde
Louicius Deedson,4 FW,FC Dallas,HTI,Haiti,louicius deedson
Alexandre Pierre,1 GK,Sochaux,HTI,Haiti,alexandre pierre
Duke Lacroix,2 DF,Colorado Springs Switchbacks FC,HTI,Haiti,duke lacroix
Leverton Pierre,3 MF,Vizela,HTI,Haiti,leverton pierre
Ruben Providence,4 FW,Almere City,HTI,Haiti,ruben providence
Lenny Joseph,4 FW,Ferencváros,HTI,Haiti,lenny joseph
Danley Jean Jacques,3 MF,Philadelphia Union,HTI,Haiti,danley jean jacques
Wilson Isidor,4 FW,Sunderland,HTI,Haiti,wilson isidor
Yassin Fortuné,4 FW,Vizela,HTI,Haiti,yassin fortune
Frantzdy Pierrot,4 FW,Çaykur Rizespor,HTI,Haiti,frantzdy pierrot
Josué Casimir,4 FW,Auxerre,HTI,Haiti,josue casimir
Jean-Kévin Duverne,2 DF,Gent,HTI,Haiti,jean-kevin duverne
Josué Duverger,1 GK,Cosmos Koblenz,HTI,Haiti,josue duverger
Wilguens Paugain,2 DF,Zulte Waregem,HTI,Haiti,wilguens paugain
Dominique Simon,3 MF,Tatran Prešov,HTI,Haiti,dominique simon
Woodensky Pierre,3 MF,Violette,HTI,Haiti,woodensky pierre
Yassine Bounou,1 GK,Al-Hilal,MAR,Morocco,yassine bounou
Achraf Hakimi ( captain ),2 DF,Paris Saint-Germain,MAR,Morocco,achraf hakimi
Noussair Mazraoui,2 DF,Manchester United,MAR,Morocco,noussair mazraoui
Sofyan Amrabat,3 MF,Real Betis,MAR,Morocco,sofyan amrabat
Nayef Aguerd,2 DF,Marseille,MAR,Morocco,nayef aguerd
Ayyoub Bouaddi,3 MF,Lille,MAR,Morocco,ayyoub bouaddi
Chemsdine Talbi,3 MF,Sunderland,MAR,Morocco,chemsdine talbi
Azzedine Ounahi,3 MF,Girona,MAR,Morocco,azzedine ounahi
Soufiane Rahimi,4 FW,Al-Ain,MAR,Morocco,soufiane rahimi
Brahim Díaz,4 FW,Real Madrid,MAR,Morocco,brahim diaz
Ismael Saibari,3 MF,PSV Eindhoven,MAR,Morocco,ismael saibari
Munir Mohamedi,1 GK,RS Berkane,MAR,Morocco,munir mohamedi
Zakaria El Ouahdi,2 DF,Genk,MAR,Morocco,zakaria el ouahdi
Issa Diop,2 DF,Fulham,MAR,Morocco,issa diop
Samir El Mourabet,3 MF,Strasbourg,MAR,Morocco,samir el mourabet
Gessime Yassine,3 MF,Strasbourg,MAR,Morocco,gessime yassine
Abde Ezzalzouli,4 FW,Real Betis,MAR,Morocco,abde ezzalzouli
Chadi Riad,2 DF,Crystal Palace,MAR,Morocco,chadi riad
Youssef Belammari,2 DF,Al Ahly,MAR,Morocco,youssef belammari
Ayoub El Kaabi,4 FW,Olympiacos,MAR,Morocco,ayoub el kaabi
Ayoube Amaimouni,4 FW,Eintracht Frankfurt,MAR,Morocco,ayoube amaimouni
Ahmed Reda Tagnaouti,1 GK,AS FAR,MAR,Morocco,ahmed reda tagnaouti
Bilal El Khannouss,3 MF,VfB Stuttgart,MAR,Morocco,bilal el khannouss
Neil El Aynaoui,3 MF,Roma,MAR,Morocco,neil el aynaoui
Redouane Halhal,2 DF,Mechelen,MAR,Morocco,redouane halhal
Anass Salah-Eddine,2 DF,PSV Eindhoven,MAR,Morocco,anass salah-eddine
Angus Gunn,1 GK,Nottingham Forest,SCO,Scotland,angus gunn
Aaron Hickey,2 DF,Brentford,SCO,Scotland,aaron hickey
Andy Robertson ( captain ),2 DF,Liverpool,SCO,Scotland,andy robertson
Scott McTominay,3 MF,Napoli,SCO,Scotland,scott mctominay
Grant Hanley,2 DF,Hibernian,SCO,Scotland,grant hanley
Kieran Tierney,2 DF,Celtic,SCO,Scotland,kieran tierney
John McGinn,3 MF,Aston Villa,SCO,Scotland,john mcginn
Tyler Fletcher,3 MF,Manchester United,SCO,Scotland,tyler fletcher
Lyndon Dykes,4 FW,Charlton Athletic,SCO,Scotland,lyndon dykes
Ché Adams,4 FW,Torino,SCO,Scotland,che adams
Ryan Christie,3 MF,Bournemouth,SCO,Scotland,ryan christie
Liam Kelly,1 GK,Rangers,SCO,Scotland,liam kelly
Jack Hendry,2 DF,Al-Ettifaq,SCO,Scotland,jack hendry
Ross Stewart,4 FW,Southampton,SCO,Scotland,ross stewart
John Souttar,2 DF,Rangers,SCO,Scotland,john souttar
Dominic Hyam,2 DF,Wrexham,SCO,Scotland,dominic hyam
Ben Gannon-Doak,4 FW,Bournemouth,SCO,Scotland,ben gannon-doak
George Hirst,4 FW,Ipswich Town,SCO,Scotland,george hirst
Lewis Ferguson,3 MF,Bologna,SCO,Scotland,lewis ferguson
Lawrence Shankland,4 FW,Heart of Midlothian,SCO,Scotland,lawrence shankland
Craig Gordon,1 GK,Heart of Midlothian,SCO,Scotland,craig gordon
Nathan Patterson,2 DF,Everton,SCO,Scotland,nathan patterson
Kenny McLean,3 MF,Norwich City,SCO,Scotland,kenny mclean
Anthony Ralston,2 DF,Celtic,SCO,Scotland,anthony ralston
Findlay Curtis,4 FW,Kilmarnock,SCO,Scotland,findlay curtis
Scott McKenna,2 DF,Dinamo Zagreb,SCO,Scotland,scott mckenna
Mathew Ryan ( captain ),1 GK,Levante,AUS,Australia,mathew ryan
Miloš Degenek,2 DF,APOEL,AUS,Australia,milos degenek
Alessandro Circati,2 DF,Parma,AUS,Australia,alessandro circati
Jacob Italiano,2 DF,GAK,AUS,Australia,jacob italiano
Jordan Bos,2 DF,Feyenoord,AUS,Australia,jordan bos
Jason Geria,2 DF,Albirex Niigata,AUS,Australia,jason geria
Mathew Leckie,4 FW,Melbourne City,AUS,Australia,mathew leckie
Connor Metcalfe,3 MF,FC St. Pauli,AUS,Australia,connor metcalfe
Mohamed Touré,4 FW,Norwich City,AUS,Australia,mohamed toure
Ajdin Hrustic,4 FW,Heracles Almelo,AUS,Australia,ajdin hrustic
Awer Mabil,4 FW,Castellón,AUS,Australia,awer mabil
Paul Izzo,1 GK,Randers,AUS,Australia,paul izzo
Aiden O'Neill,3 MF,New York City FC,AUS,Australia,aiden o'neill
Cammy Devlin,3 MF,Heart of Midlothian,AUS,Australia,cammy devlin
Kai Trewin,2 DF,New York City FC,AUS,Australia,kai trewin
Aziz Behich,2 DF,Melbourne City,AUS,Australia,aziz behich
Nestory Irankunda,4 FW,Watford,AUS,Australia,nestory irankunda
Patrick Beach,1 GK,Melbourne City,AUS,Australia,patrick beach
Harry Souttar,2 DF,Leicester City,AUS,Australia,harry souttar
Cristian Volpato,4 FW,Sassuolo,AUS,Australia,cristian volpato
Cameron Burgess,2 DF,Swansea City,AUS,Australia,cameron burgess
Jackson Irvine,3 MF,FC St. Pauli,AUS,Australia,jackson irvine
Nishan Velupillay,4 FW,Melbourne Victory,AUS,Australia,nishan velupillay
Paul Okon-Engstler,3 MF,Sydney FC,AUS,Australia,paul okon-engstler
Lucas Herrington,2 DF,Colorado Rapids,AUS,Australia,lucas herrington
Tete Yengi,4 FW,Machida Zelvia,AUS,Australia,tete yengi
Gatito Fernández,1 GK,Cerro Porteño,PRY,Paraguay,gatito fernandez
Gustavo Velázquez,2 DF,Cerro Porteño,PRY,Paraguay,gustavo velazquez
Omar Alderete,2 DF,Sunderland,PRY,Paraguay,omar alderete
Juan José Cáceres,2 DF,Dynamo Moscow,PRY,Paraguay,juan jose caceres
Fabián Balbuena,2 DF,Grêmio,PRY,Paraguay,fabian balbuena
Júnior Alonso,2 DF,Atlético Mineiro,PRY,Paraguay,junior alonso
Ramón Sosa,3 MF,Palmeiras,PRY,Paraguay,ramon sosa
Diego Gómez,3 MF,Brighton & Hove Albion,PRY,Paraguay,diego gomez
Antonio Sanabria,4 FW,Cremonese,PRY,Paraguay,antonio sanabria
Miguel Almirón,3 MF,Atlanta United FC,PRY,Paraguay,miguel almiron
Maurício,3 MF,Palmeiras,PRY,Paraguay,mauricio
Orlando Gill,1 GK,San Lorenzo,PRY,Paraguay,orlando gill
José Canale,2 DF,Lanús,PRY,Paraguay,jose canale
Andrés Cubas,3 MF,Vancouver Whitecaps FC,PRY,Paraguay,andres cubas
Gustavo Gómez ( captain ),2 DF,Palmeiras,PRY,Paraguay,gustavo gomez
Damián Bobadilla,3 MF,São Paulo,PRY,Paraguay,damian bobadilla
Kaku,4 FW,Al-Ain,PRY,Paraguay,kaku
Álex Arce,4 FW,Independiente Rivadavia,PRY,Paraguay,alex arce
Julio Enciso,4 FW,Strasbourg,PRY,Paraguay,julio enciso
Braian Ojeda,3 MF,Orlando City SC,PRY,Paraguay,braian ojeda
Gabriel Ávalos,4 FW,Independiente,PRY,Paraguay,gabriel avalos
Gastón Olveira,1 GK,Olimpia,PRY,Paraguay,gaston olveira
Matías Galarza,3 MF,Atlanta United FC,PRY,Paraguay,matias galarza
Gustavo Caballero,3 MF,Portsmouth,PRY,Paraguay,gustavo caballero
Isidro Pitta,4 FW,Red Bull Bragantino,PRY,Paraguay,isidro pitta
Alexandro Maidana,2 DF,Talleres,PRY,Paraguay,alexandro maidana
Mert Günok,1 GK,Fenerbahçe,TUR,Turkey,mert gunok
Zeki Çelik,2 DF,Roma,TUR,Turkey,zeki celik
Merih Demiral,2 DF,Al-Ahli,TUR,Turkey,merih demiral
Çağlar Söyüncü,2 DF,Fenerbahçe,TUR,Turkey,caglar soyuncu
Salih Özcan,3 MF,Borussia Dortmund,TUR,Turkey,salih ozcan
Orkun Kökçü,3 MF,Beşiktaş,TUR,Turkey,orkun kokcu
Kerem Aktürkoğlu,4 FW,Fenerbahçe,TUR,Turkey,kerem akturkoglu
Arda Güler,4 FW,Real Madrid,TUR,Turkey,arda guler
Deniz Gül,4 FW,Porto,TUR,Turkey,deniz gul
Hakan Çalhanoğlu ( captain ),3 MF,Inter Milan,TUR,Turkey,hakan calhanoglu
Kenan Yıldız,4 FW,Juventus,TUR,Turkey,kenan yıldız
Altay Bayındır,1 GK,Manchester United,TUR,Turkey,altay bayındır
Eren Elmalı,2 DF,Galatasaray,TUR,Turkey,eren elmalı
Abdülkerim Bardakcı,2 DF,Galatasaray,TUR,Turkey,abdulkerim bardakcı
Ozan Kabak,2 DF,TSG Hoffenheim,TUR,Turkey,ozan kabak
İsmail Yüksek,3 MF,Fenerbahçe,TUR,Turkey,ismail yuksek
İrfan Can Kahveci,4 FW,Kasımpaşa,TUR,Turkey,irfan can kahveci
Mert Müldür,2 DF,Fenerbahçe,TUR,Turkey,mert muldur
Yunus Akgün,4 FW,Galatasaray,TUR,Turkey,yunus akgun
Ferdi Kadıoğlu,2 DF,Brighton & Hove Albion,TUR,Turkey,ferdi kadıoglu
Barış Alper Yılmaz,4 FW,Galatasaray,TUR,Turkey,barıs alper yılmaz
Kaan Ayhan,3 MF,Galatasaray,TUR,Turkey,kaan ayhan
Uğurcan Çakır,1 GK,Galatasaray,TUR,Turkey,ugurcan cakır
Oğuz Aydın,4 FW,Fenerbahçe,TUR,Turkey,oguz aydın
Samet Akaydin,2 DF,Çaykur Rizespor,TUR,Turkey,samet akaydin
Can Uzun,4 FW,Eintracht Frankfurt,TUR,Turkey,can uzun
Matt Turner,1 GK,New England Revolution,USA,United States,matt turner
Sergiño Dest,2 DF,PSV Eindhoven,USA,United States,sergino dest
Chris Richards,2 DF,Crystal Palace,USA,United States,chris richards
Tyler Adams,3 MF,Bournemouth,USA,United States,tyler adams
Antonee Robinson,2 DF,Fulham,USA,United States,antonee robinson
Auston Trusty,2 DF,Celtic,USA,United States,auston trusty
Giovanni Reyna,3 MF,Borussia Mönchengladbach,USA,United States,giovanni reyna
Weston McKennie,3 MF,Juventus,USA,United States,weston mckennie
Ricardo Pepi,4 FW,PSV Eindhoven,USA,United States,ricardo pepi
Christian Pulisic,4 FW,Milan,USA,United States,christian pulisic
Brenden Aaronson,4 FW,Leeds United,USA,United States,brenden aaronson
Miles Robinson,2 DF,FC Cincinnati,USA,United States,miles robinson
Tim Ream ( captain ),2 DF,Charlotte FC,USA,United States,tim ream
Sebastian Berhalter,3 MF,Vancouver Whitecaps FC,USA,United States,sebastian berhalter
Cristian Roldan,3 MF,Seattle Sounders FC,USA,United States,cristian roldan
Alex Freeman,2 DF,Villarreal,USA,United States,alex freeman
Malik Tillman,3 MF,Bayer Leverkusen,USA,United States,malik tillman
Maximilian Arfsten,2 DF,Columbus Crew,USA,United States,maximilian arfsten
Haji Wright,4 FW,Coventry City,USA,United States,haji wright
Folarin Balogun,4 FW,Monaco,USA,United States,folarin balogun
Timothy Weah,4 FW,Marseille,USA,United States,timothy weah
Mark McKenzie,2 DF,Toulouse,USA,United States,mark mckenzie
Joe Scally,2 DF,Borussia Mönchengladbach,USA,United States,joe scally
Matt Freese,1 GK,New York City FC,USA,United States,matt freese
Chris Brady,1 GK,Chicago Fire FC,USA,United States,chris brady
Alejandro Zendejas,4 FW,América,USA,United States,alejandro zendejas
Eloy Room,1 GK,Miami FC,CUW,Curaçao,eloy room
Shurandy Sambo,2 DF,Sparta Rotterdam,CUW,Curaçao,shurandy sambo
Juriën Gaari,2 DF,Abha,CUW,Curaçao,jurien gaari
Roshon van Eijma,2 DF,RKC Waalwijk,CUW,Curaçao,roshon van eijma
Sherel Floranus,2 DF,PEC Zwolle,CUW,Curaçao,sherel floranus
Godfried Roemeratoe,3 MF,RKC Waalwijk,CUW,Curaçao,godfried roemeratoe
Juninho Bacuna,3 MF,Volendam,CUW,Curaçao,juninho bacuna
Livano Comenencia,3 MF,Zürich,CUW,Curaçao,livano comenencia
Jürgen Locadia,4 FW,Miami FC,CUW,Curaçao,jurgen locadia
Leandro Bacuna ( captain ),3 MF,Iğdır,CUW,Curaçao,leandro bacuna
Jeremy Antonisse,4 FW,Kifisia,CUW,Curaçao,jeremy antonisse
Sontje Hansen,4 FW,Middlesbrough,CUW,Curaçao,sontje hansen
Tyrese Noslin,4 FW,Telstar,CUW,Curaçao,tyrese noslin
Kenji Gorré,4 FW,Maccabi Haifa,CUW,Curaçao,kenji gorre
Ar'jany Martha,3 MF,Rotherham United,CUW,Curaçao,ar'jany martha
Jearl Margaritha,4 FW,Beveren,CUW,Curaçao,jearl margaritha
Brandley Kuwas,4 FW,Volendam,CUW,Curaçao,brandley kuwas
Armando Obispo,2 DF,PSV Eindhoven,CUW,Curaçao,armando obispo
Gervane Kastaneer,4 FW,Terengganu,CUW,Curaçao,gervane kastaneer
Joshua Brenet,2 DF,Kayserispor,CUW,Curaçao,joshua brenet
Tahith Chong,3 MF,Sheffield United,CUW,Curaçao,tahith chong
Kevin Felida,3 MF,Den Bosch,CUW,Curaçao,kevin felida
Riechedly Bazoer,2 DF,Konyaspor,CUW,Curaçao,riechedly bazoer
Deveron Fonville,2 DF,NEC,CUW,Curaçao,deveron fonville
Tyrick Bodak,1 GK,Telstar,CUW,Curaçao,tyrick bodak
Trevor Doornbusch,1 GK,VVV-Venlo,CUW,Curaçao,trevor doornbusch
Hernán Galíndez,1 GK,Huracán,ECU,Ecuador,hernan galindez
Félix Torres,2 DF,Internacional,ECU,Ecuador,felix torres
Piero Hincapié,2 DF,Arsenal,ECU,Ecuador,piero hincapie
Joel Ordóñez,2 DF,Club Brugge,ECU,Ecuador,joel ordonez
Jordy Alcívar,3 MF,Independiente del Valle,ECU,Ecuador,jordy alcivar
Willian Pacho,2 DF,Paris Saint-Germain,ECU,Ecuador,willian pacho
Pervis Estupiñán,2 DF,Milan,ECU,Ecuador,pervis estupinan
Anthony Valencia,3 MF,Antwerp,ECU,Ecuador,anthony valencia
John Yeboah,4 FW,Venezia,ECU,Ecuador,john yeboah
Kendry Páez,3 MF,River Plate,ECU,Ecuador,kendry paez
Kevin Rodríguez,4 FW,Union Saint-Gilloise,ECU,Ecuador,kevin rodriguez
Moisés Ramírez,1 GK,Kifisia,ECU,Ecuador,moises ramirez
Enner Valencia ( captain ),4 FW,Pachuca,ECU,Ecuador,enner valencia
Alan Minda,3 MF,Atlético Mineiro,ECU,Ecuador,alan minda
Pedro Vite,3 MF,UNAM,ECU,Ecuador,pedro vite
Jordy Caicedo,4 FW,Huracán,ECU,Ecuador,jordy caicedo
Ángelo Preciado,2 DF,Atlético Mineiro,ECU,Ecuador,angelo preciado
Denil Castillo,3 MF,Midtjylland,ECU,Ecuador,denil castillo
Gonzalo Plata,4 FW,Flamengo,ECU,Ecuador,gonzalo plata
Nilson Angulo,4 FW,Sunderland,ECU,Ecuador,nilson angulo
Alan Franco,3 MF,Atlético Mineiro,ECU,Ecuador,alan franco
Gonzalo Valle,1 GK,LDU Quito,ECU,Ecuador,gonzalo valle
Moisés Caicedo,3 MF,Chelsea,ECU,Ecuador,moises caicedo
Jeremy Arévalo,4 FW,VfB Stuttgart,ECU,Ecuador,jeremy arevalo
Jackson Porozo,2 DF,Tijuana,ECU,Ecuador,jackson porozo
Yaimar Medina,2 DF,Genk,ECU,Ecuador,yaimar medina
Manuel Neuer,1 GK,Bayern Munich,DEU,Germany,manuel neuer
Antonio Rüdiger,2 DF,Real Madrid,DEU,Germany,antonio rudiger
Waldemar Anton,2 DF,Borussia Dortmund,DEU,Germany,waldemar anton
Jonathan Tah,2 DF,Bayern Munich,DEU,Germany,jonathan tah
Aleksandar Pavlović,3 MF,Bayern Munich,DEU,Germany,aleksandar pavlovic
Joshua Kimmich ( captain ),2 DF,Bayern Munich,DEU,Germany,joshua kimmich
Kai Havertz,4 FW,Arsenal,DEU,Germany,kai havertz
Leon Goretzka,3 MF,Bayern Munich,DEU,Germany,leon goretzka
Jamie Leweling,3 MF,VfB Stuttgart,DEU,Germany,jamie leweling
Jamal Musiala,3 MF,Bayern Munich,DEU,Germany,jamal musiala
Nick Woltemade,4 FW,Newcastle United,DEU,Germany,nick woltemade
Oliver Baumann,1 GK,TSG Hoffenheim,DEU,Germany,oliver baumann
Pascal Groß,3 MF,Brighton & Hove Albion,DEU,Germany,pascal groß
Maximilian Beier,4 FW,Borussia Dortmund,DEU,Germany,maximilian beier
Nico Schlotterbeck,2 DF,Borussia Dortmund,DEU,Germany,nico schlotterbeck
Angelo Stiller,3 MF,VfB Stuttgart,DEU,Germany,angelo stiller
Florian Wirtz,3 MF,Liverpool,DEU,Germany,florian wirtz
Nathaniel Brown,2 DF,Eintracht Frankfurt,DEU,Germany,nathaniel brown
Leroy Sané,3 MF,Galatasaray,DEU,Germany,leroy sane
Nadiem Amiri,3 MF,Mainz 05,DEU,Germany,nadiem amiri
Alexander Nübel,1 GK,VfB Stuttgart,DEU,Germany,alexander nubel
David Raum,2 DF,RB Leipzig,DEU,Germany,david raum
Felix Nmecha,3 MF,Borussia Dortmund,DEU,Germany,felix nmecha
Malick Thiaw,2 DF,Newcastle United,DEU,Germany,malick thiaw
Lennart Karl,3 MF,Bayern Munich,DEU,Germany,lennart karl
Deniz Undav,4 FW,VfB Stuttgart,DEU,Germany,deniz undav
Yahia Fofana,1 GK,Çaykur Rizespor,CIV,Ivory Coast,yahia fofana
Ousmane Diomande,2 DF,Sporting CP,CIV,Ivory Coast,ousmane diomande
Ghislain Konan,2 DF,Gil Vicente,CIV,Ivory Coast,ghislain konan
Jean Michaël Seri,3 MF,Maribor,CIV,Ivory Coast,jean michael seri
Wilfried Singo,2 DF,Galatasaray,CIV,Ivory Coast,wilfried singo
Seko Fofana,3 MF,Porto,CIV,Ivory Coast,seko fofana
Odilon Kossounou,2 DF,Atalanta,CIV,Ivory Coast,odilon kossounou
Franck Kessié ( captain ),3 MF,Al-Ahli,CIV,Ivory Coast,franck kessie
Ange-Yoan Bonny,4 FW,Inter Milan,CIV,Ivory Coast,ange-yoan bonny
Simon Adingra,4 FW,Monaco,CIV,Ivory Coast,simon adingra
Yan Diomande,4 FW,RB Leipzig,CIV,Ivory Coast,yan diomande
Elye Wahi,4 FW,Nice,CIV,Ivory Coast,elye wahi
Christopher Opéri,2 DF,İstanbul Başakşehir,CIV,Ivory Coast,christopher operi
Oumar Diakité,4 FW,Cercle Brugge,CIV,Ivory Coast,oumar diakite
Amad Diallo,4 FW,Manchester United,CIV,Ivory Coast,amad diallo
Mohamed Koné,1 GK,Charleroi,CIV,Ivory Coast,mohamed kone
Guéla Doué,2 DF,Strasbourg,CIV,Ivory Coast,guela doue
Ibrahim Sangaré,3 MF,Nottingham Forest,CIV,Ivory Coast,ibrahim sangare
Nicolas Pépé,4 FW,Villarreal,CIV,Ivory Coast,nicolas pepe
Emmanuel Agbadou,2 DF,Beşiktaş,CIV,Ivory Coast,emmanuel agbadou
Evan Ndicka,2 DF,Roma,CIV,Ivory Coast,evan ndicka
Evann Guessand,4 FW,Crystal Palace,CIV,Ivory Coast,evann guessand
Alban Lafont,1 GK,Panathinaikos,CIV,Ivory Coast,alban lafont
Bazoumana Touré,4 FW,TSG Hoffenheim,CIV,Ivory Coast,bazoumana toure
Parfait Guiagon,3 MF,Charleroi,CIV,Ivory Coast,parfait guiagon
Christ Inao Oulaï,3 MF,Trabzonspor,CIV,Ivory Coast,christ inao oulai
Zion Suzuki,1 GK,Parma,JPN,Japan,zion suzuki
Yukinari Sugawara,2 DF,Werder Bremen,JPN,Japan,yukinari sugawara
Shōgo Taniguchi,2 DF,Sint-Truiden,JPN,Japan,shogo taniguchi
Kō Itakura,2 DF,Ajax,JPN,Japan,ko itakura
Yūto Nagatomo,2 DF,FC Tokyo,JPN,Japan,yuto nagatomo
Wataru Endo ( captain ),3 MF,Liverpool,JPN,Japan,wataru endo
Ao Tanaka,3 MF,Leeds United,JPN,Japan,ao tanaka
Takefusa Kubo,3 MF,Real Sociedad,JPN,Japan,takefusa kubo
Keisuke Gotō,4 FW,Sint-Truiden,JPN,Japan,keisuke goto
Ritsu Dōan,3 MF,Eintracht Frankfurt,JPN,Japan,ritsu doan
Daizen Maeda,3 MF,Celtic,JPN,Japan,daizen maeda
Keisuke Ōsako,1 GK,Sanfrecce Hiroshima,JPN,Japan,keisuke osako
Keito Nakamura,3 MF,Reims,JPN,Japan,keito nakamura
Junya Itō,3 MF,Genk,JPN,Japan,junya ito
Daichi Kamada,3 MF,Crystal Palace,JPN,Japan,daichi kamada
Tsuyoshi Watanabe,2 DF,Feyenoord,JPN,Japan,tsuyoshi watanabe
Yuito Suzuki,3 MF,SC Freiburg,JPN,Japan,yuito suzuki
Ayase Ueda,4 FW,Feyenoord,JPN,Japan,ayase ueda
Kōki Ogawa,4 FW,NEC,JPN,Japan,koki ogawa
Ayumu Seko,2 DF,Le Havre,JPN,Japan,ayumu seko
Hiroki Itō,2 DF,Bayern Munich,JPN,Japan,hiroki ito
Takehiro Tomiyasu,2 DF,Ajax,JPN,Japan,takehiro tomiyasu
Tomoki Hayakawa,1 GK,Kashima Antlers,JPN,Japan,tomoki hayakawa
Kaishū Sano,3 MF,Mainz 05,JPN,Japan,kaishu sano
Junnosuke Suzuki,2 DF,Copenhagen,JPN,Japan,junnosuke suzuki
Kento Shiogai,4 FW,VfL Wolfsburg,JPN,Japan,kento shiogai
Bart Verbruggen,1 GK,Brighton & Hove Albion,NLD,Netherlands,bart verbruggen
Jurriën Timber,2 DF,Arsenal,NLD,Netherlands,jurrien timber
Marten de Roon,3 MF,Atalanta,NLD,Netherlands,marten de roon
Virgil van Dijk ( captain ),2 DF,Liverpool,NLD,Netherlands,virgil van dijk
Nathan Aké,2 DF,Manchester City,NLD,Netherlands,nathan ake
Jan Paul van Hecke,2 DF,Brighton & Hove Albion,NLD,Netherlands,jan paul van hecke
Justin Kluivert,3 MF,Bournemouth,NLD,Netherlands,justin kluivert
Ryan Gravenberch,3 MF,Liverpool,NLD,Netherlands,ryan gravenberch
Wout Weghorst,4 FW,Ajax,NLD,Netherlands,wout weghorst
Memphis Depay,4 FW,Corinthians,NLD,Netherlands,memphis depay
Cody Gakpo,4 FW,Liverpool,NLD,Netherlands,cody gakpo
Mats Wieffer,2 DF,Brighton & Hove Albion,NLD,Netherlands,mats wieffer
Robin Roefs,1 GK,Sunderland,NLD,Netherlands,robin roefs
Tijjani Reijnders,3 MF,Manchester City,NLD,Netherlands,tijjani reijnders
Micky van de Ven,2 DF,Tottenham Hotspur,NLD,Netherlands,micky van de ven
Guus Til,3 MF,PSV Eindhoven,NLD,Netherlands,guus til
Noa Lang,4 FW,Galatasaray,NLD,Netherlands,noa lang
Donyell Malen,4 FW,Roma,NLD,Netherlands,donyell malen
Brian Brobbey,4 FW,Sunderland,NLD,Netherlands,brian brobbey
Teun Koopmeiners,3 MF,Juventus,NLD,Netherlands,teun koopmeiners
Frenkie de Jong,3 MF,Barcelona,NLD,Netherlands,frenkie de jong
Denzel Dumfries,2 DF,Inter Milan,NLD,Netherlands,denzel dumfries
Mark Flekken,1 GK,Bayer Leverkusen,NLD,Netherlands,mark flekken
Crysencio Summerville,4 FW,West Ham United,NLD,Netherlands,crysencio summerville
Jorrel Hato,2 DF,Chelsea,NLD,Netherlands,jorrel hato
Quinten Timber,3 MF,Marseille,NLD,Netherlands,quinten timber
Jacob Widell Zetterström,1 GK,Derby County,SWE,Sweden,jacob widell zetterstrom
Gustaf Lagerbielke,2 DF,Braga,SWE,Sweden,gustaf lagerbielke
Victor Lindelöf ( captain ),2 DF,Aston Villa,SWE,Sweden,victor lindelof
Isak Hien,2 DF,Atalanta,SWE,Sweden,isak hien
Gabriel Gudmundsson,2 DF,Leeds United,SWE,Sweden,gabriel gudmundsson
Herman Johansson,2 DF,FC Dallas,SWE,Sweden,herman johansson
Lucas Bergvall,3 MF,Tottenham Hotspur,SWE,Sweden,lucas bergvall
Daniel Svensson,2 DF,Borussia Dortmund,SWE,Sweden,daniel svensson
Alexander Isak,4 FW,Liverpool,SWE,Sweden,alexander isak
Benjamin Nygren,3 MF,Celtic,SWE,Sweden,benjamin nygren
Anthony Elanga,4 FW,Newcastle United,SWE,Sweden,anthony elanga
Viktor Johansson,1 GK,Stoke City,SWE,Sweden,viktor johansson
Ken Sema,3 MF,Pafos,SWE,Sweden,ken sema
Hjalmar Ekdal,2 DF,Burnley,SWE,Sweden,hjalmar ekdal
Carl Starfelt,2 DF,Celta Vigo,SWE,Sweden,carl starfelt
Jesper Karlström,3 MF,Udinese,SWE,Sweden,jesper karlstrom
Viktor Gyökeres,4 FW,Arsenal,SWE,Sweden,viktor gyokeres
Yasin Ayari,3 MF,Brighton & Hove Albion,SWE,Sweden,yasin ayari
Mattias Svanberg,3 MF,VfL Wolfsburg,SWE,Sweden,mattias svanberg
Eric Smith,2 DF,FC St. Pauli,SWE,Sweden,eric smith
Alexander Bernhardsson,2 DF,Holstein Kiel,SWE,Sweden,alexander bernhardsson
Besfort Zeneli,3 MF,Union Saint-Gilloise,SWE,Sweden,besfort zeneli
Kristoffer Nordfeldt,1 GK,AIK,SWE,Sweden,kristoffer nordfeldt
Elliot Stroud,2 DF,Mjällby AIF,SWE,Sweden,elliot stroud
Gustaf Nilsson,4 FW,Club Brugge,SWE,Sweden,gustaf nilsson
Taha Ali,4 FW,Malmö FF,SWE,Sweden,taha ali
Mouhib Chamakh,1 GK,Club Africain,TUN,Tunisia,mouhib chamakh
Ali Abdi,2 DF,Nice,TUN,Tunisia,ali abdi
Montassar Talbi,2 DF,Lorient,TUN,Tunisia,montassar talbi
Omar Rekik,2 DF,Maribor,TUN,Tunisia,omar rekik
Adem Arous,2 DF,Kasımpaşa,TUN,Tunisia,adem arous
Dylan Bronn,2 DF,Servette,TUN,Tunisia,dylan bronn
Elias Achouri,4 FW,Copenhagen,TUN,Tunisia,elias achouri
Elias Saad,4 FW,Hannover 96,TUN,Tunisia,elias saad
Hazem Mastouri,4 FW,Dynamo Makhachkala,TUN,Tunisia,hazem mastouri
Hannibal Mejbri,3 MF,Burnley,TUN,Tunisia,hannibal mejbri
Ismaël Gharbi,3 MF,FC Augsburg,TUN,Tunisia,ismael gharbi
Mortadha Ben Ouanes,2 DF,Kasımpaşa,TUN,Tunisia,mortadha ben ouanes
Rani Khedira,3 MF,Union Berlin,TUN,Tunisia,rani khedira
Khalil Ayari,3 MF,Paris Saint-Germain,TUN,Tunisia,khalil ayari
Hadj Mahmoud,3 MF,Lugano,TUN,Tunisia,hadj mahmoud
Aymen Dahmen,1 GK,CS Sfaxien,TUN,Tunisia,aymen dahmen
Ellyes Skhiri ( captain ),3 MF,Eintracht Frankfurt,TUN,Tunisia,ellyes skhiri
Rayan Elloumi,4 FW,Vancouver Whitecaps FC,TUN,Tunisia,rayan elloumi
Firas Chaouat,4 FW,Club Africain,TUN,Tunisia,firas chaouat
Yan Valery,2 DF,Young Boys,TUN,Tunisia,yan valery
Mohamed Amine Ben Hamida,2 DF,Espérance de Tunis,TUN,Tunisia,mohamed amine ben hamida
Sabri Ben Hessen,1 GK,Étoile du Sahel,TUN,Tunisia,sabri ben hessen
Moutaz Neffati,2 DF,IFK Norrköping,TUN,Tunisia,moutaz neffati
Raed Chikhaoui,2 DF,US Monastir,TUN,Tunisia,raed chikhaoui
Anis Ben Slimane,3 MF,Norwich City,TUN,Tunisia,anis ben slimane
Sebastian Tounekti,3 MF,Celtic,TUN,Tunisia,sebastian tounekti
Thibaut Courtois,1 GK,Real Madrid,BEL,Belgium,thibaut courtois
Zeno Debast,2 DF,Sporting CP,BEL,Belgium,zeno debast
Arthur Theate,2 DF,Eintracht Frankfurt,BEL,Belgium,arthur theate
Brandon Mechele,2 DF,Club Brugge,BEL,Belgium,brandon mechele
Maxim De Cuyper,2 DF,Brighton & Hove Albion,BEL,Belgium,maxim de cuyper
Axel Witsel,3 MF,Girona,BEL,Belgium,axel witsel
Kevin De Bruyne,3 MF,Napoli,BEL,Belgium,kevin de bruyne
Youri Tielemans ( captain ),3 MF,Aston Villa,BEL,Belgium,youri tielemans
Romelu Lukaku,4 FW,Napoli,BEL,Belgium,romelu lukaku
Leandro Trossard,4 FW,Arsenal,BEL,Belgium,leandro trossard
Jérémy Doku,4 FW,Manchester City,BEL,Belgium,jeremy doku
Senne Lammens,1 GK,Manchester United,BEL,Belgium,senne lammens
Mike Penders,1 GK,Strasbourg,BEL,Belgium,mike penders
Dodi Lukébakio,4 FW,Benfica,BEL,Belgium,dodi lukebakio
Thomas Meunier,2 DF,Lille,BEL,Belgium,thomas meunier
Koni De Winter,2 DF,Milan,BEL,Belgium,koni de winter
Charles De Ketelaere,4 FW,Atalanta,BEL,Belgium,charles de ketelaere
Joaquin Seys,2 DF,Club Brugge,BEL,Belgium,joaquin seys
Diego Moreira,3 MF,Strasbourg,BEL,Belgium,diego moreira
Hans Vanaken,3 MF,Club Brugge,BEL,Belgium,hans vanaken
Timothy Castagne,2 DF,Fulham,BEL,Belgium,timothy castagne
Alexis Saelemaekers,3 MF,Milan,BEL,Belgium,alexis saelemaekers
Nicolas Raskin,3 MF,Rangers,BEL,Belgium,nicolas raskin
Amadou Onana,3 MF,Aston Villa,BEL,Belgium,amadou onana
Nathan Ngoy,2 DF,Lille,BEL,Belgium,nathan ngoy
Matias Fernandez-Pardo,4 FW,Lille,BEL,Belgium,matias fernandez-pardo
Mohamed El Shenawy,1 GK,Al Ahly,EGY,Egypt,mohamed el shenawy
Yasser Ibrahim,2 DF,Al Ahly,EGY,Egypt,yasser ibrahim
Mohamed Hany,2 DF,Al Ahly,EGY,Egypt,mohamed hany
Hossam Abdelmaguid,2 DF,Zamalek,EGY,Egypt,hossam abdelmaguid
Ramy Rabia,2 DF,Al-Ain,EGY,Egypt,ramy rabia
Mohamed Abdelmonem,2 DF,Nice,EGY,Egypt,mohamed abdelmonem
Trézéguet,4 FW,Al Ahly,EGY,Egypt,trezeguet
Emam Ashour,3 MF,Al Ahly,EGY,Egypt,emam ashour
Hamza Abdelkarim,4 FW,Barcelona,EGY,Egypt,hamza abdelkarim
Mohamed Salah ( captain ),4 FW,Liverpool,EGY,Egypt,mohamed salah
Mostafa Ziko,3 MF,Pyramids,EGY,Egypt,mostafa ziko
Haissem Hassan,4 FW,Oviedo,EGY,Egypt,haissem hassan
Ahmed Fatouh,2 DF,Zamalek,EGY,Egypt,ahmed fatouh
Hamdy Fathy,3 MF,Al-Wakrah,EGY,Egypt,hamdy fathy
Karim Hafez,2 DF,Pyramids,EGY,Egypt,karim hafez
El Mahdy Soliman,1 GK,Zamalek,EGY,Egypt,el mahdy soliman
Mohanad Lasheen,3 MF,Pyramids,EGY,Egypt,mohanad lasheen
Nabil Emad,3 MF,Al-Najma,EGY,Egypt,nabil emad
Marwan Attia,3 MF,Al Ahly,EGY,Egypt,marwan attia
Ibrahim Adel,4 FW,Nordsjælland,EGY,Egypt,ibrahim adel
Mahmoud Saber,3 MF,ZED,EGY,Egypt,mahmoud saber
Omar Marmoush,4 FW,Manchester City,EGY,Egypt,omar marmoush
Mostafa Shobeir,1 GK,Al Ahly,EGY,Egypt,mostafa shobeir
Tarek Alaa,2 DF,ZED,EGY,Egypt,tarek alaa
Zizo,4 FW,Al Ahly,EGY,Egypt,zizo
Mohamed Alaa,1 GK,El Gouna,EGY,Egypt,mohamed alaa
Alireza Beiranvand,1 GK,Tractor,IRN,Iran,alireza beiranvand
Saleh Hardani,2 DF,Esteghlal,IRN,Iran,saleh hardani
Ehsan Hajsafi ( captain ),2 DF,Sepahan,IRN,Iran,ehsan hajsafi
Shojae Khalilzadeh,2 DF,Tractor,IRN,Iran,shojae khalilzadeh
Milad Mohammadi,2 DF,Persepolis,IRN,Iran,milad mohammadi
Saeid Ezatolahi,3 MF,Shabab Al-Ahli,IRN,Iran,saeid ezatolahi
Alireza Jahanbakhsh,3 MF,Dender,IRN,Iran,alireza jahanbakhsh
Mohammad Mohebi,3 MF,Rostov,IRN,Iran,mohammad mohebi
Mehdi Taremi,4 FW,Olympiacos,IRN,Iran,mehdi taremi
Mehdi Ghayedi,4 FW,Al-Nasr,IRN,Iran,mehdi ghayedi
Ali Alipour,4 FW,Persepolis,IRN,Iran,ali alipour
Payam Niazmand,1 GK,Persepolis,IRN,Iran,payam niazmand
Hossein Kanaanizadegan,2 DF,Persepolis,IRN,Iran,hossein kanaanizadegan
Saman Ghoddos,3 MF,Kalba,IRN,Iran,saman ghoddos
Rouzbeh Cheshmi,3 MF,Esteghlal,IRN,Iran,rouzbeh cheshmi
Mehdi Torabi,3 MF,Tractor,IRN,Iran,mehdi torabi
Aria Yousefi,2 DF,Sepahan,IRN,Iran,aria yousefi
Amirhossein Hosseinzadeh,4 FW,Tractor,IRN,Iran,amirhossein hosseinzadeh
Ali Nemati,2 DF,Foolad,IRN,Iran,ali nemati
Shahriyar Moghanlou,4 FW,Kalba,IRN,Iran,shahriyar moghanlou
Mohammad Ghorbani,3 MF,Al-Wahda,IRN,Iran,mohammad ghorbani
Hossein Hosseini,1 GK,Sepahan,IRN,Iran,hossein hosseini
Ramin Rezaeian,2 DF,Foolad,IRN,Iran,ramin rezaeian
Dennis Eckert,4 FW,Standard Liège,IRN,Iran,dennis eckert
Danial Eiri,2 DF,Malavan,IRN,Iran,danial eiri
Amirmohammad Razzaghinia,3 MF,Esteghlal,IRN,Iran,amirmohammad razzaghinia
Max Crocombe,1 GK,Millwall,NZL,New Zealand,max crocombe
Tim Payne,2 DF,Wellington Phoenix,NZL,New Zealand,tim payne
Francis de Vries,2 DF,Auckland FC,NZL,New Zealand,francis de vries
Tyler Bindon,2 DF,Sheffield United,NZL,New Zealand,tyler bindon
Michael Boxall,2 DF,Minnesota United FC,NZL,New Zealand,michael boxall
Joe Bell,3 MF,Viking,NZL,New Zealand,joe bell
Matthew Garbett,3 MF,Peterborough United,NZL,New Zealand,matthew garbett
Marko Stamenić,3 MF,Swansea City,NZL,New Zealand,marko stamenic
Chris Wood ( captain ),4 FW,Nottingham Forest,NZL,New Zealand,chris wood
Sarpreet Singh,3 MF,Wellington Phoenix,NZL,New Zealand,sarpreet singh
Elijah Just,3 MF,Motherwell,NZL,New Zealand,elijah just
Alex Paulsen,1 GK,Lechia Gdańsk,NZL,New Zealand,alex paulsen
Liberato Cacace,2 DF,Wrexham,NZL,New Zealand,liberato cacace
Alex Rufer,3 MF,Wellington Phoenix,NZL,New Zealand,alex rufer
Nando Pijnaker,2 DF,Auckland FC,NZL,New Zealand,nando pijnaker
Finn Surman,2 DF,Portland Timbers,NZL,New Zealand,finn surman
Kosta Barbarouses,4 FW,Western Sydney Wanderers,NZL,New Zealand,kosta barbarouses
Ben Waine,4 FW,Port Vale,NZL,New Zealand,ben waine
Ben Old,3 MF,Saint-Étienne,NZL,New Zealand,ben old
Callum McCowatt,3 MF,Silkeborg,NZL,New Zealand,callum mccowatt
Jesse Randall,4 FW,Auckland FC,NZL,New Zealand,jesse randall
Michael Woud,1 GK,Auckland FC,NZL,New Zealand,michael woud
Ryan Thomas,3 MF,PEC Zwolle,NZL,New Zealand,ryan thomas
Callan Elliot,2 DF,Auckland FC,NZL,New Zealand,callan elliot
Lachlan Bayliss,3 MF,Newcastle Jets,NZL,New Zealand,lachlan bayliss
Tommy Smith,2 DF,Braintree Town,NZL,New Zealand,tommy smith
Vozinha,1 GK,Chaves,CPV,Cape Verde,vozinha
Stopira,2 DF,Torreense,CPV,Cape Verde,stopira
Diney,2 DF,Al-Bataeh,CPV,Cape Verde,diney
Roberto Lopes,2 DF,Shamrock Rovers,CPV,Cape Verde,roberto lopes
Logan Costa,2 DF,Villarreal,CPV,Cape Verde,logan costa
Kevin Pina,3 MF,Krasnodar,CPV,Cape Verde,kevin pina
Jovane Cabral,3 MF,Estrela Amadora,CPV,Cape Verde,jovane cabral
João Paulo,3 MF,FCSB,CPV,Cape Verde,joao paulo
Gilson Benchimol,4 FW,Akron Tolyatti,CPV,Cape Verde,gilson benchimol
Jamiro Monteiro,3 MF,PEC Zwolle,CPV,Cape Verde,jamiro monteiro
Garry Rodrigues,3 MF,Apollon Limassol,CPV,Cape Verde,garry rodrigues
Márcio Rosa,1 GK,Montana,CPV,Cape Verde,marcio rosa
Sidny Lopes Cabral,2 DF,Benfica,CPV,Cape Verde,sidny lopes cabral
Deroy Duarte,3 MF,Ludogorets Razgrad,CPV,Cape Verde,deroy duarte
Laros Duarte,3 MF,Puskás Akadémia,CPV,Cape Verde,laros duarte
Yannick Semedo,3 MF,Farense,CPV,Cape Verde,yannick semedo
Willy Semedo,3 MF,Omonia,CPV,Cape Verde,willy semedo
Telmo Arcanjo,3 MF,Vitória de Guimarães,CPV,Cape Verde,telmo arcanjo
Dailon Livramento,4 FW,Casa Pia,CPV,Cape Verde,dailon livramento
Ryan Mendes ( captain ),4 FW,Iğdır,CPV,Cape Verde,ryan mendes
Nuno da Costa,3 MF,İstanbul Başakşehir,CPV,Cape Verde,nuno da costa
Steven Moreira,2 DF,Columbus Crew,CPV,Cape Verde,steven moreira
CJ dos Santos,1 GK,San Diego FC,CPV,Cape Verde,cj dos santos
Wagner Pina,2 DF,Trabzonspor,CPV,Cape Verde,wagner pina
Kelvin Pires,2 DF,SJK,CPV,Cape Verde,kelvin pires
Hélio Varela,3 MF,Maccabi Tel Aviv,CPV,Cape Verde,helio varela
Nawaf Al-Aqidi,1 GK,Al-Nassr,SAU,Saudi Arabia,nawaf al-aqidi
Ali Majrashi,2 DF,Al-Ahli,SAU,Saudi Arabia,ali majrashi
Ali Lajami,2 DF,Al-Hilal,SAU,Saudi Arabia,ali lajami
Abdulelah Al-Amri,2 DF,Al-Nassr,SAU,Saudi Arabia,abdulelah al-amri
Hassan Al-Tambakti,2 DF,Al-Hilal,SAU,Saudi Arabia,hassan al-tambakti
Nasser Al-Dawsari,3 MF,Al-Hilal,SAU,Saudi Arabia,nasser al-dawsari
Musab Al-Juwayr,3 MF,Al-Qadsiah,SAU,Saudi Arabia,musab al-juwayr
Ayman Yahya,4 FW,Al-Nassr,SAU,Saudi Arabia,ayman yahya
Firas Al-Buraikan,4 FW,Al-Ahli,SAU,Saudi Arabia,firas al-buraikan
Salem Al-Dawsari ( captain ),4 FW,Al-Hilal,SAU,Saudi Arabia,salem al-dawsari
Saleh Al-Shehri,4 FW,Al-Ittihad,SAU,Saudi Arabia,saleh al-shehri
Saud Abdulhamid,2 DF,Lens,SAU,Saudi Arabia,saud abdulhamid
Nawaf Boushal,2 DF,Al-Nassr,SAU,Saudi Arabia,nawaf boushal
Hassan Kadesh,2 DF,Al-Ittihad,SAU,Saudi Arabia,hassan kadesh
Abdullah Al-Khaibari,3 MF,Al-Nassr,SAU,Saudi Arabia,abdullah al-khaibari
Ziyad Al-Johani,3 MF,Al-Ahli,SAU,Saudi Arabia,ziyad al-johani
Khalid Al-Ghannam,4 FW,Al-Ettifaq,SAU,Saudi Arabia,khalid al-ghannam
Alaa Al-Hejji,3 MF,Neom,SAU,Saudi Arabia,alaa al-hejji
Abdullah Al-Hamdan,4 FW,Al-Nassr,SAU,Saudi Arabia,abdullah al-hamdan
Sultan Mandash,4 FW,Al-Hilal,SAU,Saudi Arabia,sultan mandash
Mohammed Al-Owais,1 GK,Al-Ula,SAU,Saudi Arabia,mohammed al-owais
Ahmed Al-Kassar,1 GK,Al-Qadsiah,SAU,Saudi Arabia,ahmed al-kassar
Mohamed Kanno,3 MF,Al-Hilal,SAU,Saudi Arabia,mohamed kanno
Moteb Al-Harbi,2 DF,Al-Hilal,SAU,Saudi Arabia,moteb al-harbi
Jehad Thakri,2 DF,Al-Qadsiah,SAU,Saudi Arabia,jehad thakri
Mohammed Abu Al-Shamat,2 DF,Al-Qadsiah,SAU,Saudi Arabia,mohammed abu al-shamat
David Raya,1 GK,Arsenal,ESP,Spain,david raya
Marc Pubill,2 DF,Atlético Madrid,ESP,Spain,marc pubill
Álex Grimaldo,2 DF,Bayer Leverkusen,ESP,Spain,alex grimaldo
Eric García,2 DF,Barcelona,ESP,Spain,eric garcia
Marcos Llorente,2 DF,Atlético Madrid,ESP,Spain,marcos llorente
Mikel Merino,3 MF,Arsenal,ESP,Spain,mikel merino
Ferran Torres,4 FW,Barcelona,ESP,Spain,ferran torres
Fabián Ruiz,3 MF,Paris Saint-Germain,ESP,Spain,fabian ruiz
Gavi,3 MF,Barcelona,ESP,Spain,gavi
Dani Olmo,4 FW,Barcelona,ESP,Spain,dani olmo
Yéremy Pino,4 FW,Crystal Palace,ESP,Spain,yeremy pino
Pedro Porro,2 DF,Tottenham Hotspur,ESP,Spain,pedro porro
Joan Garcia,1 GK,Barcelona,ESP,Spain,joan garcia
Aymeric Laporte,2 DF,Athletic Bilbao,ESP,Spain,aymeric laporte
Álex Baena,3 MF,Atlético Madrid,ESP,Spain,alex baena
Rodri ( captain ),3 MF,Manchester City,ESP,Spain,rodri
Nico Williams,4 FW,Athletic Bilbao,ESP,Spain,nico williams
Martín Zubimendi,3 MF,Arsenal,ESP,Spain,martin zubimendi
Lamine Yamal,4 FW,Barcelona,ESP,Spain,lamine yamal
Pedri,3 MF,Barcelona,ESP,Spain,pedri
Mikel Oyarzabal,4 FW,Real Sociedad,ESP,Spain,mikel oyarzabal
Pau Cubarsí,2 DF,Barcelona,ESP,Spain,pau cubarsi
Unai Simón,1 GK,Athletic Bilbao,ESP,Spain,unai simon
Marc Cucurella,2 DF,Chelsea,ESP,Spain,marc cucurella
Víctor Muñoz,4 FW,Osasuna,ESP,Spain,victor munoz
Borja Iglesias,4 FW,Celta Vigo,ESP,Spain,borja iglesias
Sergio Rochet,1 GK,Internacional,URY,Uruguay,sergio rochet
José María Giménez ( captain ),2 DF,Atlético Madrid,URY,Uruguay,jose maria gimenez
Sebastián Cáceres,2 DF,América,URY,Uruguay,sebastian caceres
Ronald Araújo,2 DF,Barcelona,URY,Uruguay,ronald araujo
Manuel Ugarte,3 MF,Manchester United,URY,Uruguay,manuel ugarte
Rodrigo Bentancur,3 MF,Tottenham Hotspur,URY,Uruguay,rodrigo bentancur
Nicolás de la Cruz,3 MF,Flamengo,URY,Uruguay,nicolas de la cruz
Federico Valverde,3 MF,Real Madrid,URY,Uruguay,federico valverde
Darwin Núñez,4 FW,Al-Hilal,URY,Uruguay,darwin nunez
Giorgian de Arrascaeta,3 MF,Flamengo,URY,Uruguay,giorgian de arrascaeta
Facundo Pellistri,4 FW,Panathinaikos,URY,Uruguay,facundo pellistri
Santiago Mele,1 GK,Monterrey,URY,Uruguay,santiago mele
Guillermo Varela,2 DF,Flamengo,URY,Uruguay,guillermo varela
Agustín Canobbio,3 MF,Fluminense,URY,Uruguay,agustin canobbio
Emiliano Martínez,3 MF,Palmeiras,URY,Uruguay,emiliano martinez
Mathías Olivera,2 DF,Napoli,URY,Uruguay,mathias olivera
Matías Viña,2 DF,River Plate,URY,Uruguay,matias vina
Brian Rodríguez,4 FW,América,URY,Uruguay,brian rodriguez
Rodrigo Aguirre,4 FW,UANL,URY,Uruguay,rodrigo aguirre
Maximiliano Araújo,3 MF,Sporting CP,URY,Uruguay,maximiliano araujo
Federico Viñas,4 FW,Oviedo,URY,Uruguay,federico vinas
Joaquín Piquerez,3 MF,Palmeiras,URY,Uruguay,joaquin piquerez
Fernando Muslera,1 GK,Estudiantes,URY,Uruguay,fernando muslera
Santiago Bueno,2 DF,Wolverhampton Wanderers,URY,Uruguay,santiago bueno
Juan Manuel Sanabria,3 MF,Real Salt Lake,URY,Uruguay,juan manuel sanabria
Rodrigo Zalazar,3 MF,Braga,URY,Uruguay,rodrigo zalazar
Brice Samba,1 GK,Rennes,FRA,France,brice samba
Malo Gusto,2 DF,Chelsea,FRA,France,malo gusto
Lucas Digne,2 DF,Aston Villa,FRA,France,lucas digne
Dayot Upamecano,2 DF,Bayern Munich,FRA,France,dayot upamecano
Jules Koundé,2 DF,Barcelona,FRA,France,jules kounde
Manu Koné,3 MF,Roma,FRA,France,manu kone
Ousmane Dembélé,4 FW,Paris Saint-Germain,FRA,France,ousmane dembele
Aurélien Tchouaméni,3 MF,Real Madrid,FRA,France,aurelien tchouameni
Marcus Thuram,4 FW,Inter Milan,FRA,France,marcus thuram
Kylian Mbappé ( captain ),4 FW,Real Madrid,FRA,France,kylian mbappe
Michael Olise,4 FW,Bayern Munich,FRA,France,michael olise
Bradley Barcola,4 FW,Paris Saint-Germain,FRA,France,bradley barcola
N'Golo Kanté,3 MF,Fenerbahçe,FRA,France,n'golo kante
Adrien Rabiot,3 MF,Milan,FRA,France,adrien rabiot
Ibrahima Konaté,2 DF,Liverpool,FRA,France,ibrahima konate
Mike Maignan,1 GK,Milan,FRA,France,mike maignan
William Saliba,2 DF,Arsenal,FRA,France,william saliba
Warren Zaïre-Emery,3 MF,Paris Saint-Germain,FRA,France,warren zaire-emery
Théo Hernandez,2 DF,Al-Hilal,FRA,France,theo hernandez
Désiré Doué,4 FW,Paris Saint-Germain,FRA,France,desire doue
Lucas Hernandez,2 DF,Paris Saint-Germain,FRA,France,lucas hernandez
Jean-Philippe Mateta,4 FW,Crystal Palace,FRA,France,jean-philippe mateta
Robin Risser,1 GK,Lens,FRA,France,robin risser
Rayan Cherki,3 MF,Manchester City,FRA,France,rayan cherki
Maghnes Akliouche,3 MF,Monaco,FRA,France,maghnes akliouche
Maxence Lacroix,2 DF,Crystal Palace,FRA,France,maxence lacroix
Fahad Talib,1 GK,Al-Talaba,IRQ,Iraq,fahad talib
Rebin Sulaka,2 DF,Port,IRQ,Iraq,rebin sulaka
Hussein Ali,2 DF,Pogoń Szczecin,IRQ,Iraq,hussein ali
Zaid Tahseen,2 DF,Pakhtakor,IRQ,Iraq,zaid tahseen
Akam Hashim,2 DF,Al-Zawraa,IRQ,Iraq,akam hashim
Manaf Younis,2 DF,Al-Shorta,IRQ,Iraq,manaf younis
Youssef Amyn,3 MF,AEK Larnaca,IRQ,Iraq,youssef amyn
Ibrahim Bayesh,3 MF,Al-Dhafra,IRQ,Iraq,ibrahim bayesh
Ali Al-Hamadi,4 FW,Luton Town,IRQ,Iraq,ali al-hamadi
Mohanad Ali,4 FW,Dibba,IRQ,Iraq,mohanad ali
Ahmed Qasem,4 FW,Nashville SC,IRQ,Iraq,ahmed qasem
Jalal Hassan ( captain ),1 GK,Al-Zawraa,IRQ,Iraq,jalal hassan
Ali Yousif,4 FW,Al-Talaba,IRQ,Iraq,ali yousif
Zidane Iqbal,3 MF,Utrecht,IRQ,Iraq,zidane iqbal
Ahmed Yahya,2 DF,Al-Shorta,IRQ,Iraq,ahmed yahya
Amir Al-Ammari,3 MF,Cracovia,IRQ,Iraq,amir al-ammari
Ali Jasim,4 FW,Al-Najma,IRQ,Iraq,ali jasim
Aymen Hussein,4 FW,Al-Karma,IRQ,Iraq,aymen hussein
Kevin Yakob,3 MF,AGF,IRQ,Iraq,kevin yakob
Aimar Sher,3 MF,Sarpsborg 08,IRQ,Iraq,aimar sher
Marko Farji,4 FW,Venezia,IRQ,Iraq,marko farji
Ahmed Basil,1 GK,Al-Shorta,IRQ,Iraq,ahmed basil
Merchas Doski,2 DF,Viktoria Plzeň,IRQ,Iraq,merchas doski
Zaid Ismail,3 MF,Al-Talaba,IRQ,Iraq,zaid ismail
Mustafa Saadoon,2 DF,Al-Shorta,IRQ,Iraq,mustafa saadoon
Frans Putros,2 DF,Persib,IRQ,Iraq,frans putros
Ørjan Nyland,1 GK,Sevilla,NOR,Norway,ørjan nyland
Morten Thorsby,3 MF,Cremonese,NOR,Norway,morten thorsby
Kristoffer Ajer,2 DF,Brentford,NOR,Norway,kristoffer ajer
Leo Østigård,2 DF,Genoa,NOR,Norway,leo østigard
David Møller Wolfe,2 DF,Wolverhampton Wanderers,NOR,Norway,david møller wolfe
Patrick Berg,3 MF,Bodø/Glimt,NOR,Norway,patrick berg
Alexander Sørloth,4 FW,Atlético Madrid,NOR,Norway,alexander sørloth
Sander Berge,3 MF,Fulham,NOR,Norway,sander berge
Erling Haaland,4 FW,Manchester City,NOR,Norway,erling haaland
Martin Ødegaard ( captain ),3 MF,Arsenal,NOR,Norway,martin ødegaard
Jørgen Strand Larsen,4 FW,Crystal Palace,NOR,Norway,jørgen strand larsen
Sander Tangvik,1 GK,Hamburger SV,NOR,Norway,sander tangvik
Egil Selvik,1 GK,Watford,NOR,Norway,egil selvik
Fredrik Aursnes,3 MF,Benfica,NOR,Norway,fredrik aursnes
Fredrik André Bjørkan,2 DF,Bodø/Glimt,NOR,Norway,fredrik andre bjørkan
Marcus Holmgren Pedersen,2 DF,Torino,NOR,Norway,marcus holmgren pedersen
Torbjørn Heggem,2 DF,Bologna,NOR,Norway,torbjørn heggem
Kristian Thorstvedt,3 MF,Sassuolo,NOR,Norway,kristian thorstvedt
Thelo Aasgaard,3 MF,Rangers,NOR,Norway,thelo aasgaard
Antonio Nusa,4 FW,RB Leipzig,NOR,Norway,antonio nusa
Andreas Schjelderup,3 MF,Benfica,NOR,Norway,andreas schjelderup
Oscar Bobb,3 MF,Fulham,NOR,Norway,oscar bobb
Jens Petter Hauge,3 MF,Bodø/Glimt,NOR,Norway,jens petter hauge
Sondre Langås,2 DF,Derby County,NOR,Norway,sondre langas
Henrik Falchener,2 DF,Viking,NOR,Norway,henrik falchener
Julian Ryerson,4 FW,Borussia Dortmund,NOR,Norway,julian ryerson
Yehvann Diouf,1 GK,Nice,SEN,Senegal,yehvann diouf
Mamadou Sarr,2 DF,Chelsea,SEN,Senegal,mamadou sarr
Kalidou Koulibaly ( captain ),2 DF,Al-Hilal,SEN,Senegal,kalidou koulibaly
Abdoulaye Seck,2 DF,Maccabi Haifa,SEN,Senegal,abdoulaye seck
Idrissa Gueye,3 MF,Everton,SEN,Senegal,idrissa gueye
Pathé Ciss,3 MF,Rayo Vallecano,SEN,Senegal,pathe ciss
Assane Diao,4 FW,Como,SEN,Senegal,assane diao
Lamine Camara,3 MF,Monaco,SEN,Senegal,lamine camara
Bamba Dieng,4 FW,Lorient,SEN,Senegal,bamba dieng
Sadio Mané,4 FW,Al-Nassr,SEN,Senegal,sadio mane
Nicolas Jackson,4 FW,Bayern Munich,SEN,Senegal,nicolas jackson
Cherif Ndiaye,4 FW,Samsunspor,SEN,Senegal,cherif ndiaye
Iliman Ndiaye,4 FW,Everton,SEN,Senegal,iliman ndiaye
Ismail Jakobs,2 DF,Galatasaray,SEN,Senegal,ismail jakobs
Krépin Diatta,2 DF,Monaco,SEN,Senegal,krepin diatta
Édouard Mendy,1 GK,Al-Ahli,SEN,Senegal,edouard mendy
Pape Matar Sarr,3 MF,Tottenham Hotspur,SEN,Senegal,pape matar sarr
Ismaïla Sarr,4 FW,Crystal Palace,SEN,Senegal,ismaila sarr
Moussa Niakhaté,2 DF,Lyon,SEN,Senegal,moussa niakhate
Ibrahim Mbaye,4 FW,Paris Saint-Germain,SEN,Senegal,ibrahim mbaye
Habib Diarra,3 MF,Sunderland,SEN,Senegal,habib diarra
Bara Sapoko Ndiaye,3 MF,Bayern Munich,SEN,Senegal,bara sapoko ndiaye
Mory Diaw,1 GK,Le Havre,SEN,Senegal,mory diaw
Antoine Mendy,2 DF,Nice,SEN,Senegal,antoine mendy
El Hadji Malick Diouf,2 DF,West Ham United,SEN,Senegal,el hadji malick diouf
Pape Gueye,3 MF,Villarreal,SEN,Senegal,pape gueye
Melvin Mastil,1 GK,Stade Nyonnais,DZA,Algeria,melvin mastil
Aïssa Mandi,2 DF,Lille,DZA,Algeria,aissa mandi
Achref Abada,2 DF,USM Alger,DZA,Algeria,achref abada
Mohamed Amine Tougai,2 DF,Espérance de Tunis,DZA,Algeria,mohamed amine tougai
Zineddine Belaïd,2 DF,JS Kabylie,DZA,Algeria,zineddine belaid
Ramiz Zerrouki,3 MF,Twente,DZA,Algeria,ramiz zerrouki
Riyad Mahrez ( captain ),4 FW,Al-Ahli,DZA,Algeria,riyad mahrez
Houssem Aouar,3 MF,Al-Ittihad,DZA,Algeria,houssem aouar
Amine Gouiri,4 FW,Marseille,DZA,Algeria,amine gouiri
Farès Chaïbi,3 MF,Eintracht Frankfurt,DZA,Algeria,fares chaibi
Anis Hadj Moussa,4 FW,Feyenoord,DZA,Algeria,anis hadj moussa
Nadhir Benbouali,4 FW,Győri ETO,DZA,Algeria,nadhir benbouali
Jaouen Hadjam,2 DF,Young Boys,DZA,Algeria,jaouen hadjam
Hicham Boudaoui,3 MF,Nice,DZA,Algeria,hicham boudaoui
Rayan Aït-Nouri,2 DF,Manchester City,DZA,Algeria,rayan ait-nouri
Oussama Benbot,1 GK,USM Alger,DZA,Algeria,oussama benbot
Rafik Belghali,2 DF,Hellas Verona,DZA,Algeria,rafik belghali
Mohamed Amoura,4 FW,VfL Wolfsburg,DZA,Algeria,mohamed amoura
Nabil Bentaleb,3 MF,Lille,DZA,Algeria,nabil bentaleb
Adil Boulbina,4 FW,Al-Duhail,DZA,Algeria,adil boulbina
Ramy Bensebaini,2 DF,Borussia Dortmund,DZA,Algeria,ramy bensebaini
Ibrahim Maza,3 MF,Bayer Leverkusen,DZA,Algeria,ibrahim maza
Luca Zidane,1 GK,Granada,DZA,Algeria,luca zidane
Yacine Titraoui,3 MF,Charleroi,DZA,Algeria,yacine titraoui
Farès Ghedjemis,4 FW,Frosinone,DZA,Algeria,fares ghedjemis
Samir Chergui,2 DF,Paris FC,DZA,Algeria,samir chergui
Juan Musso,1 GK,Atlético Madrid,ARG,Argentina,juan musso
Leonardo Balerdi,2 DF,Marseille,ARG,Argentina,leonardo balerdi
Nicolás Tagliafico,2 DF,Lyon,ARG,Argentina,nicolas tagliafico
Gonzalo Montiel,2 DF,River Plate,ARG,Argentina,gonzalo montiel
Leandro Paredes,3 MF,Boca Juniors,ARG,Argentina,leandro paredes
Lisandro Martínez,2 DF,Manchester United,ARG,Argentina,lisandro martinez
Rodrigo De Paul,3 MF,Inter Miami CF,ARG,Argentina,rodrigo de paul
Valentín Barco,3 MF,Strasbourg,ARG,Argentina,valentin barco
Julián Alvarez,4 FW,Atlético Madrid,ARG,Argentina,julian alvarez
Lionel Messi ( captain ),4 FW,Inter Miami CF,ARG,Argentina,lionel messi
Giovani Lo Celso,3 MF,Real Betis,ARG,Argentina,giovani lo celso
Gerónimo Rulli,1 GK,Marseille,ARG,Argentina,geronimo rulli
Cristian Romero,2 DF,Tottenham Hotspur,ARG,Argentina,cristian romero
Exequiel Palacios,3 MF,Bayer Leverkusen,ARG,Argentina,exequiel palacios
Nicolás González,3 MF,Atlético Madrid,ARG,Argentina,nicolas gonzalez
Thiago Almada,4 FW,Atlético Madrid,ARG,Argentina,thiago almada
Giuliano Simeone,4 FW,Atlético Madrid,ARG,Argentina,giuliano simeone
Nico Paz,4 FW,Como,ARG,Argentina,nico paz
Nicolás Otamendi,2 DF,Benfica,ARG,Argentina,nicolas otamendi
Alexis Mac Allister,3 MF,Liverpool,ARG,Argentina,alexis mac allister
José Manuel López,4 FW,Palmeiras,ARG,Argentina,jose manuel lopez
Lautaro Martínez,4 FW,Inter Milan,ARG,Argentina,lautaro martinez
Emiliano Martínez,1 GK,Aston Villa,ARG,Argentina,emiliano martinez
Enzo Fernández,3 MF,Chelsea,ARG,Argentina,enzo fernandez
Facundo Medina,2 DF,Marseille,ARG,Argentina,facundo medina
Nahuel Molina,2 DF,Atlético Madrid,ARG,Argentina,nahuel molina
Alexander Schlager,1 GK,Red Bull Salzburg,AUT,Austria,alexander schlager
David Affengruber,2 DF,Elche,AUT,Austria,david affengruber
Kevin Danso,2 DF,Tottenham Hotspur,AUT,Austria,kevin danso
Xaver Schlager,3 MF,RB Leipzig,AUT,Austria,xaver schlager
Stefan Posch,2 DF,Mainz 05,AUT,Austria,stefan posch
Nicolas Seiwald,3 MF,RB Leipzig,AUT,Austria,nicolas seiwald
Marko Arnautović,4 FW,Red Star Belgrade,AUT,Austria,marko arnautovic
David Alaba ( captain ),2 DF,Real Madrid,AUT,Austria,david alaba
Marcel Sabitzer,3 MF,Borussia Dortmund,AUT,Austria,marcel sabitzer
Florian Grillitsch,3 MF,Braga,AUT,Austria,florian grillitsch
Michael Gregoritsch,4 FW,FC Augsburg,AUT,Austria,michael gregoritsch
Florian Wiegele,1 GK,Viktoria Plzeň,AUT,Austria,florian wiegele
Patrick Pentz,1 GK,Brøndby,AUT,Austria,patrick pentz
Saša Kalajdžić,4 FW,LASK,AUT,Austria,sasa kalajdzic
Philipp Lienhart,2 DF,SC Freiburg,AUT,Austria,philipp lienhart
Phillipp Mwene,2 DF,Mainz 05,AUT,Austria,phillipp mwene
Carney Chukwuemeka,3 MF,Borussia Dortmund,AUT,Austria,carney chukwuemeka
Romano Schmid,3 MF,Werder Bremen,AUT,Austria,romano schmid
Konrad Laimer,3 MF,Bayern Munich,AUT,Austria,konrad laimer
Patrick Wimmer,4 FW,VfL Wolfsburg,AUT,Austria,patrick wimmer
Alexander Prass,3 MF,TSG Hoffenheim,AUT,Austria,alexander prass
Marco Friedl,2 DF,Werder Bremen,AUT,Austria,marco friedl
Paul Wanner,3 MF,PSV Eindhoven,AUT,Austria,paul wanner
Michael Svoboda,2 DF,Venezia,AUT,Austria,michael svoboda
Alessandro Schöpf,3 MF,Wolfsberger AC,AUT,Austria,alessandro schopf
Yazeed Abulaila,1 GK,Al-Hussein,JOR,Jordan,yazeed abulaila
Mohammad Abu Hashish,2 DF,Al-Karma,JOR,Jordan,mohammad abu hashish
Abdallah Nasib,2 DF,Al-Zawraa,JOR,Jordan,abdallah nasib
Husam Abu Dahab,2 DF,Al-Faisaly,JOR,Jordan,husam abu dahab
Yazan Al-Arab,2 DF,FC Seoul,JOR,Jordan,yazan al-arab
Amer Jamous,3 MF,Al-Zawraa,JOR,Jordan,amer jamous
Mohammad Abu Zrayq,4 FW,Raja Casablanca,JOR,Jordan,mohammad abu zrayq
Noor Al-Rawabdeh,3 MF,Selangor,JOR,Jordan,noor al-rawabdeh
Ali Olwan,4 FW,Al-Sailiya,JOR,Jordan,ali olwan
Musa Al-Taamari,4 FW,Rennes,JOR,Jordan,musa al-taamari
Odeh Al-Fakhouri,4 FW,Pyramids,JOR,Jordan,odeh al-fakhouri
Nour Bani Attiah,1 GK,Al-Faisaly,JOR,Jordan,nour bani attiah
Mahmoud Al-Mardi,4 FW,Al-Hussein,JOR,Jordan,mahmoud al-mardi
Rajaei Ayed,3 MF,Al-Hussein,JOR,Jordan,rajaei ayed
Ibrahim Sadeh,3 MF,Al-Karma,JOR,Jordan,ibrahim sadeh
Mo Abualnadi,2 DF,Selangor,JOR,Jordan,mo abualnadi
Salim Obaid,2 DF,Al-Hussein,JOR,Jordan,salim obaid
Ibrahim Sabra,4 FW,Lokomotiva Zagreb,JOR,Jordan,ibrahim sabra
Saed Al-Rosan,2 DF,Al-Hussein,JOR,Jordan,saed al-rosan
Mohannad Abu Taha,3 MF,Al-Quwa Al-Jawiya,JOR,Jordan,mohannad abu taha
Nizar Al-Rashdan,3 MF,Qatar SC,JOR,Jordan,nizar al-rashdan
Abdallah Al-Fakhouri,1 GK,Al-Wehdat,JOR,Jordan,abdallah al-fakhouri
Ihsan Haddad ( captain ),2 DF,Al-Hussein,JOR,Jordan,ihsan haddad
Ali Azaizeh,4 FW,Al-Shabab,JOR,Jordan,ali azaizeh
Mohammad Al-Dawoud,3 MF,Al-Wehdat,JOR,Jordan,mohammad al-dawoud
Anas Badawi,2 DF,Al-Faisaly,JOR,Jordan,anas badawi
David Ospina,1 GK,Atlético Nacional,COL,Colombia,david ospina
Daniel Muñoz,2 DF,Crystal Palace,COL,Colombia,daniel munoz
Jhon Lucumí,2 DF,Bologna,COL,Colombia,jhon lucumi
Santiago Arias,2 DF,Independiente,COL,Colombia,santiago arias
Kevin Castaño,3 MF,River Plate,COL,Colombia,kevin castano
Richard Ríos,3 MF,Benfica,COL,Colombia,richard rios
Luis Díaz,4 FW,Bayern Munich,COL,Colombia,luis diaz
Jorge Carrascal,3 MF,Flamengo,COL,Colombia,jorge carrascal
Jhon Córdoba,4 FW,Krasnodar,COL,Colombia,jhon cordoba
James Rodríguez ( captain ),3 MF,Minnesota United FC,COL,Colombia,james rodriguez
Jhon Arias,3 MF,Palmeiras,COL,Colombia,jhon arias
Camilo Vargas,1 GK,Atlas,COL,Colombia,camilo vargas
Yerry Mina,2 DF,Cagliari,COL,Colombia,yerry mina
Gustavo Puerta,2 DF,Racing Santander,COL,Colombia,gustavo puerta
Juan Portilla,3 MF,Athletico Paranaense,COL,Colombia,juan portilla
Jefferson Lerma,3 MF,Crystal Palace,COL,Colombia,jefferson lerma
Johan Mojica,2 DF,Mallorca,COL,Colombia,johan mojica
Willer Ditta,2 DF,Cruz Azul,COL,Colombia,willer ditta
Cucho Hernández,4 FW,Real Betis,COL,Colombia,cucho hernandez
Juan Fernando Quintero,3 MF,River Plate,COL,Colombia,juan fernando quintero
Jaminton Campaz,4 FW,Rosario Central,COL,Colombia,jaminton campaz
Deiver Machado,2 DF,Nantes,COL,Colombia,deiver machado
Davinson Sánchez,2 DF,Galatasaray,COL,Colombia,davinson sanchez
Álvaro Montero,1 GK,Vélez Sarsfield,COL,Colombia,alvaro montero
Luis Suárez,4 FW,Sporting CP,COL,Colombia,luis suarez
Andrés Gómez,4 FW,Vasco da Gama,COL,Colombia,andres gomez
Lionel Mpasi,1 GK,Le Havre,COD,DR Congo,lionel mpasi
Aaron Wan-Bissaka,2 DF,West Ham United,COD,DR Congo,aaron wan-bissaka
Steve Kapuadi,2 DF,Widzew Łódź,COD,DR Congo,steve kapuadi
Axel Tuanzebe,2 DF,Burnley,COD,DR Congo,axel tuanzebe
Dylan Batubinsika,2 DF,AEL,COD,DR Congo,dylan batubinsika
Ngal'ayel Mukau,3 MF,Lille,COD,DR Congo,ngal'ayel mukau
Nathanaël Mbuku,3 MF,Montpellier,COD,DR Congo,nathanael mbuku
Samuel Moutoussamy,3 MF,Atromitos,COD,DR Congo,samuel moutoussamy
Brian Cipenga,4 FW,Castellón,COD,DR Congo,brian cipenga
Théo Bongonda,3 MF,Spartak Moscow,COD,DR Congo,theo bongonda
Gaël Kakuta,4 FW,AEL,COD,DR Congo,gael kakuta
Joris Kayembe,2 DF,Genk,COD,DR Congo,joris kayembe
Meschak Elia,4 FW,Alanyaspor,COD,DR Congo,meschak elia
Noah Sadiki,3 MF,Sunderland,COD,DR Congo,noah sadiki
Aaron Tshibola,3 MF,Kilmarnock,COD,DR Congo,aaron tshibola
Timothy Fayulu,1 GK,Noah,COD,DR Congo,timothy fayulu
Cédric Bakambu,4 FW,Real Betis,COD,DR Congo,cedric bakambu
Charles Pickel,3 MF,Espanyol,COD,DR Congo,charles pickel
Fiston Mayele,4 FW,Pyramids,COD,DR Congo,fiston mayele
Yoane Wissa,4 FW,Newcastle United,COD,DR Congo,yoane wissa
Matthieu Epolo,1 GK,Standard Liège,COD,DR Congo,matthieu epolo
Chancel Mbemba ( captain ),2 DF,Lille,COD,DR Congo,chancel mbemba
Simon Banza,4 FW,Al-Jazira,COD,DR Congo,simon banza
Gédéon Kalulu,2 DF,Aris Limassol,COD,DR Congo,gedeon kalulu
Edo Kayembe,3 MF,Watford,COD,DR Congo,edo kayembe
Arthur Masuaku,2 DF,Lens,COD,DR Congo,arthur masuaku
Diogo Costa,1 GK,Porto,PRT,Portugal,diogo costa
Nélson Semedo,2 DF,Fenerbahçe,PRT,Portugal,nelson semedo
Rúben Dias,2 DF,Manchester City,PRT,Portugal,ruben dias
Tomás Araújo,2 DF,Benfica,PRT,Portugal,tomas araujo
Diogo Dalot,2 DF,Manchester United,PRT,Portugal,diogo dalot
Matheus Nunes,3 MF,Manchester City,PRT,Portugal,matheus nunes
Cristiano Ronaldo ( captain ),4 FW,Al-Nassr,PRT,Portugal,cristiano ronaldo
Bruno Fernandes,3 MF,Manchester United,PRT,Portugal,bruno fernandes
Gonçalo Ramos,4 FW,Paris Saint-Germain,PRT,Portugal,goncalo ramos
Bernardo Silva,3 MF,Manchester City,PRT,Portugal,bernardo silva
João Félix,4 FW,Al-Nassr,PRT,Portugal,joao felix
José Sá,1 GK,Wolverhampton Wanderers,PRT,Portugal,jose sa
Renato Veiga,2 DF,Villarreal,PRT,Portugal,renato veiga
Gonçalo Inácio,2 DF,Sporting CP,PRT,Portugal,goncalo inacio
João Neves,3 MF,Paris Saint-Germain,PRT,Portugal,joao neves
Francisco Trincão,4 FW,Sporting CP,PRT,Portugal,francisco trincao
Rafael Leão,4 FW,Milan,PRT,Portugal,rafael leao
Pedro Neto,4 FW,Chelsea,PRT,Portugal,pedro neto
Gonçalo Guedes,4 FW,Real Sociedad,PRT,Portugal,goncalo guedes
João Cancelo,2 DF,Barcelona,PRT,Portugal,joao cancelo
Rúben Neves,3 MF,Al-Hilal,PRT,Portugal,ruben neves
Rui Silva,1 GK,Sporting CP,PRT,Portugal,rui silva
Vitinha,3 MF,Paris Saint-Germain,PRT,Portugal,vitinha
Samú Costa,2 DF,Mallorca,PRT,Portugal,samu costa
Nuno Mendes,2 DF,Paris Saint-Germain,PRT,Portugal,nuno mendes
Francisco Conceição,4 FW,Juventus,PRT,Portugal,francisco conceicao
Utkir Yusupov,1 GK,Navbahor Namangan,UZB,Uzbekistan,utkir yusupov
Abdukodir Khusanov,2 DF,Manchester City,UZB,Uzbekistan,abdukodir khusanov
Khojiakbar Alijonov,2 DF,Pakhtakor,UZB,Uzbekistan,khojiakbar alijonov
Farrukh Sayfiev,2 DF,Neftchi Fergana,UZB,Uzbekistan,farrukh sayfiev
Rustam Ashurmatov,2 DF,Esteghlal,UZB,Uzbekistan,rustam ashurmatov
Akmal Mozgovoy,3 MF,Pakhtakor,UZB,Uzbekistan,akmal mozgovoy
Otabek Shukurov,3 MF,Baniyas,UZB,Uzbekistan,otabek shukurov
Jamshid Iskanderov,3 MF,Neftchi Fergana,UZB,Uzbekistan,jamshid iskanderov
Odiljon Hamrobekov,3 MF,Tractor,UZB,Uzbekistan,odiljon hamrobekov
Jaloliddin Masharipov,3 MF,Esteghlal,UZB,Uzbekistan,jaloliddin masharipov
Oston Urunov,3 MF,Persepolis,UZB,Uzbekistan,oston urunov
Abduvohid Nematov,1 GK,Nasaf,UZB,Uzbekistan,abduvohid nematov
Sherzod Nasrullaev,2 DF,Nasaf,UZB,Uzbekistan,sherzod nasrullaev
Eldor Shomurodov ( captain ),4 FW,İstanbul Başakşehir,UZB,Uzbekistan,eldor shomurodov
Umar Eshmurodov,2 DF,Nasaf,UZB,Uzbekistan,umar eshmurodov
Botirali Ergashev,1 GK,Neftchi Fergana,UZB,Uzbekistan,botirali ergashev
Dostonbek Khamdamov,3 MF,Pakhtakor,UZB,Uzbekistan,dostonbek khamdamov
Abdulla Abdullaev,2 DF,Dibba,UZB,Uzbekistan,abdulla abdullaev
Azizjon Ganiev,3 MF,Al-Bataeh,UZB,Uzbekistan,azizjon ganiev
Azizbek Amonov,4 FW,Dinamo Samarqand,UZB,Uzbekistan,azizbek amonov
Igor Sergeev,4 FW,Persepolis,UZB,Uzbekistan,igor sergeev
Abbosbek Fayzullaev,3 MF,İstanbul Başakşehir,UZB,Uzbekistan,abbosbek fayzullaev
Sherzod Esanov,3 MF,Bukhara,UZB,Uzbekistan,sherzod esanov
Bekhruz Karimov,2 DF,Surkhon Termiz,UZB,Uzbekistan,bekhruz karimov
Avazbek Ulmasaliev,2 DF,AGMK,UZB,Uzbekistan,avazbek ulmasaliev
Jakhongir Urozov,2 DF,Dinamo Samarqand,UZB,Uzbekistan,jakhongir urozov
Dominik Livaković,1 GK,Dinamo Zagreb,HRV,Croatia,dominik livakovic
Josip Stanišić,2 DF,Bayern Munich,HRV,Croatia,josip stanisic
Marin Pongračić,2 DF,Fiorentina,HRV,Croatia,marin pongracic
Joško Gvardiol,2 DF,Manchester City,HRV,Croatia,josko gvardiol
Duje Ćaleta-Car,2 DF,Real Sociedad,HRV,Croatia,duje caleta-car
Josip Šutalo,2 DF,Ajax,HRV,Croatia,josip sutalo
Nikola Moro,3 MF,Bologna,HRV,Croatia,nikola moro
Mateo Kovačić,3 MF,Manchester City,HRV,Croatia,mateo kovacic
Andrej Kramarić,4 FW,TSG Hoffenheim,HRV,Croatia,andrej kramaric
Luka Modrić ( captain ),3 MF,Milan,HRV,Croatia,luka modric
Ante Budimir,4 FW,Osasuna,HRV,Croatia,ante budimir
Ivor Pandur,1 GK,Hull City,HRV,Croatia,ivor pandur
Nikola Vlašić,3 MF,Torino,HRV,Croatia,nikola vlasic
Ivan Perišić,4 FW,PSV Eindhoven,HRV,Croatia,ivan perisic
Mario Pašalić,3 MF,Atalanta,HRV,Croatia,mario pasalic
Martin Baturina,3 MF,Como,HRV,Croatia,martin baturina
Petar Sučić,3 MF,Inter Milan,HRV,Croatia,petar sucic
Kristijan Jakić,2 DF,FC Augsburg,HRV,Croatia,kristijan jakic
Toni Fruk,3 MF,Rijeka,HRV,Croatia,toni fruk
Igor Matanović,4 FW,SC Freiburg,HRV,Croatia,igor matanovic
Luka Sučić,3 MF,Real Sociedad,HRV,Croatia,luka sucic
Luka Vušković,2 DF,Hamburger SV,HRV,Croatia,luka vuskovic
Dominik Kotarski,1 GK,Copenhagen,HRV,Croatia,dominik kotarski
Marco Pašalić,4 FW,Orlando City SC,HRV,Croatia,marco pasalic
Martin Erlić,2 DF,Midtjylland,HRV,Croatia,martin erlic
Petar Musa,4 FW,FC Dallas,HRV,Croatia,petar musa
Jordan Pickford,1 GK,Everton,ENG,England,jordan pickford
Ezri Konsa,2 DF,Aston Villa,ENG,England,ezri konsa
Nico O'Reilly,2 DF,Manchester City,ENG,England,nico o'reilly
Declan Rice,3 MF,Arsenal,ENG,England,declan rice
John Stones,2 DF,Manchester City,ENG,England,john stones
Marc Guéhi,2 DF,Manchester City,ENG,England,marc guehi
Bukayo Saka,4 FW,Arsenal,ENG,England,bukayo saka
Elliot Anderson,3 MF,Nottingham Forest,ENG,England,elliot anderson
Harry Kane ( captain ),4 FW,Bayern Munich,ENG,England,harry kane
Jude Bellingham,3 MF,Real Madrid,ENG,England,jude bellingham
Marcus Rashford,4 FW,Barcelona,ENG,England,marcus rashford
Tino Livramento,2 DF,Newcastle United,ENG,England,tino livramento
Dean Henderson,1 GK,Crystal Palace,ENG,England,dean henderson
Jordan Henderson,3 MF,Brentford,ENG,England,jordan henderson
Dan Burn,2 DF,Newcastle United,ENG,England,dan burn
Kobbie Mainoo,3 MF,Manchester United,ENG,England,kobbie mainoo
Morgan Rogers,3 MF,Aston Villa,ENG,England,morgan rogers
Anthony Gordon,4 FW,Newcastle United,ENG,England,anthony gordon
Ollie Watkins,4 FW,Aston Villa,ENG,England,ollie watkins
Noni Madueke,4 FW,Arsenal,ENG,England,noni madueke
Eberechi Eze,3 MF,Arsenal,ENG,England,eberechi eze
Ivan Toney,4 FW,Al-Ahli,ENG,England,ivan toney
James Trafford,1 GK,Manchester City,ENG,England,james trafford
Reece James,2 DF,Chelsea,ENG,England,reece james
Djed Spence,2 DF,Tottenham Hotspur,ENG,England,djed spence
Jarell Quansah,2 DF,Bayer Leverkusen,ENG,England,jarell quansah
Lawrence Ati-Zigi,1 GK,St. Gallen,GHA,Ghana,lawrence ati-zigi
Alidu Seidu,2 DF,Rennes,GHA,Ghana,alidu seidu
Caleb Yirenkyi,3 MF,Nordsjælland,GHA,Ghana,caleb yirenkyi
Jonas Adjetey,2 DF,VfL Wolfsburg,GHA,Ghana,jonas adjetey
Thomas Partey,3 MF,Villarreal,GHA,Ghana,thomas partey
Abdul Mumin,2 DF,Rayo Vallecano,GHA,Ghana,abdul mumin
Abdul Fatawu,4 FW,Leicester City,GHA,Ghana,abdul fatawu
Kwasi Sibo,3 MF,Oviedo,GHA,Ghana,kwasi sibo
Jordan Ayew ( captain ),4 FW,Leicester City,GHA,Ghana,jordan ayew
Brandon Thomas-Asante,4 FW,Coventry City,GHA,Ghana,brandon thomas-asante
Antoine Semenyo,3 MF,Manchester City,GHA,Ghana,antoine semenyo
Joseph Anang,1 GK,St Patrick's Athletic,GHA,Ghana,joseph anang
Christopher Bonsu Baah,4 FW,Al-Qadsiah,GHA,Ghana,christopher bonsu baah
Gideon Mensah,2 DF,Auxerre,GHA,Ghana,gideon mensah
Elisha Owusu,3 MF,Auxerre,GHA,Ghana,elisha owusu
Benjamin Asare,1 GK,Hearts of Oak,GHA,Ghana,benjamin asare
Abdul Rahman Baba,2 DF,PAOK,GHA,Ghana,abdul rahman baba
Jerome Opoku,2 DF,İstanbul Başakşehir,GHA,Ghana,jerome opoku
Iñaki Williams,4 FW,Athletic Bilbao,GHA,Ghana,inaki williams
Augustine Boakye,3 MF,Saint-Étienne,GHA,Ghana,augustine boakye
Kojo Peprah Oppong,2 DF,Nice,GHA,Ghana,kojo peprah oppong
Kamaldeen Sulemana,4 FW,Atalanta,GHA,Ghana,kamaldeen sulemana
Derrick Luckassen,2 DF,Pafos,GHA,Ghana,derrick luckassen
Ernest Nuamah,4 FW,Lyon,GHA,Ghana,ernest nuamah
Prince Kwabena Adu,4 FW,Viktoria Plzeň,GHA,Ghana,prince kwabena adu
Marvin Senaya,2 DF,Auxerre,GHA,Ghana,marvin senaya
Luis Mejía,1 GK,Nacional,PAN,Panama,luis mejia
César Blackman,2 DF,Slovan Bratislava,PAN,Panama,cesar blackman
José Córdoba,2 DF,Norwich City,PAN,Panama,jose cordoba
Fidel Escobar,2 DF,Saprissa,PAN,Panama,fidel escobar
Edgardo Fariña,2 DF,Pari Nizhny Novgorod,PAN,Panama,edgardo farina
Cristian Martínez,3 MF,Ironi Kiryat Shmona,PAN,Panama,cristian martinez
José Luis Rodríguez,3 MF,Juárez,PAN,Panama,jose luis rodriguez
Adalberto Carrasquilla,3 MF,UNAM,PAN,Panama,adalberto carrasquilla
Tomás Rodríguez,4 FW,Saprissa,PAN,Panama,tomas rodriguez
Ismael Díaz,3 MF,León,PAN,Panama,ismael diaz
Yoel Bárcenas,3 MF,Mazatlán,PAN,Panama,yoel barcenas
César Samudio,1 GK,Marathón,PAN,Panama,cesar samudio
Jiovany Ramos,2 DF,Puerto Cabello,PAN,Panama,jiovany ramos
Carlos Harvey,2 DF,Minnesota United FC,PAN,Panama,carlos harvey
Eric Davis,2 DF,Plaza Amador,PAN,Panama,eric davis
Andrés Andrade,2 DF,LASK,PAN,Panama,andres andrade
José Fajardo,4 FW,Universidad Católica,PAN,Panama,jose fajardo
Cecilio Waterman,4 FW,Universidad de Concepción,PAN,Panama,cecilio waterman
Alberto Quintero,3 MF,Plaza Amador,PAN,Panama,alberto quintero
Aníbal Godoy ( captain ),3 MF,San Diego FC,PAN,Panama,anibal godoy
César Yanis,3 MF,Cobresal,PAN,Panama,cesar yanis
Orlando Mosquera,1 GK,Al-Fayha,PAN,Panama,orlando mosquera
Michael Amir Murillo,2 DF,Beşiktaş,PAN,Panama,michael amir murillo
Azarias Londoño,4 FW,Universidad Católica,PAN,Panama,azarias londono
Roderick Miller,2 DF,Turan Tovuz,PAN,Panama,roderick miller
Jorge Gutiérrez,2 DF,Deportivo La Guaira,PAN,Panama,jorge gutierrez
